point_number	number_images
1	2
2	2
3	4
4	5
5	2
6	2
7	2
8	4
9	2
10	4
11	3
12	5
13	3
14	2
15	2
16	2
17	5
18	2
19	2
20	2
21	2
22	3
23	4
24	4
25	2
26	2
27	3
28	2
29	3
30	2
31	2
32	4
33	2
34	2
35	2
36	2
37	2
38	2
39	3
40	2
41	2
42	2
43	4
44	4
45	2
46	2
47	2
48	2
49	2
50	2
51	2
52	2
53	2
54	3
55	4
56	2
57	3
58	2
59	2
60	3
61	2
62	3
63	3
64	2
65	2
66	2
67	3
68	2
69	2
70	2
71	2
72	2
73	2
74	2
75	2
76	2
77	2
78	2
79	2
80	3
81	2
82	3
83	2
84	2
85	2
86	2
87	2
88	3
89	3
90	4
91	2
92	2
93	2
94	2
95	2
96	2
97	2
98	2
99	3
100	2
101	2
102	2
103	2
104	2
105	2
106	2
107	2
108	2
109	2
110	2
111	2
112	2
113	2
114	2
115	2
116	2
117	2
118	2
119	2
120	2
121	2
122	2
123	2
124	2
125	2
126	2
127	2
128	2
129	2
130	2
131	2
132	2
133	2
134	3
135	2
136	2
137	2
138	3
139	3
140	2
141	2
142	2
143	2
144	2
145	2
146	2
147	2
148	2
149	2
150	2
151	2
152	2
153	2
154	3
155	2
156	2
157	2
158	3
159	3
160	2
161	2
162	3
163	2
164	2
165	2
166	2
167	2
168	2
169	2
170	3
171	2
172	2
173	3
174	2
175	2
176	3
177	2
178	3
179	2
180	2
181	2
182	2
183	2
184	5
185	3
186	2
187	2
188	2
189	2
190	2
191	2
192	2
193	2
194	3
195	2
196	2
197	2
198	2
199	2
200	2
201	2
202	2
203	4
204	2
205	2
206	2
207	2
208	2
209	2
210	2
211	2
212	2
213	3
214	4
215	2
216	2
217	2
218	2
219	2
220	2
221	2
222	2
223	2
224	3
225	2
226	2
227	2
228	2
229	2
230	2
231	2
232	2
233	2
234	5
235	2
236	2
237	4
238	2
239	3
240	2
241	2
242	2
243	2
244	3
245	2
246	2
247	5
248	3
249	2
250	2
251	2
252	2
253	3
254	4
255	2
256	2
257	2
258	2
259	2
260	2
261	4
262	2
263	3
264	2
265	3
266	2
267	3
268	2
269	2
270	2
271	2
272	3
273	2
274	2
275	2
276	2
277	2
278	3
279	2
280	2
281	2
282	2
283	2
284	4
285	2
286	2
287	2
288	2
289	2
290	2
291	2
292	3
293	2
294	2
295	2
296	2
297	2
298	2
299	2
300	2
301	2
302	2
303	2
304	2
305	3
306	2
307	2
308	5
309	6
310	2
311	2
312	4
313	2
314	2
315	2
316	2
317	2
318	2
319	2
320	2
321	2
322	3
323	2
324	2
325	2
326	2
327	2
328	3
329	4
330	2
331	2
332	2
333	2
334	2
335	2
336	2
337	2
338	2
339	2
340	3
341	2
342	2
343	2
344	2
345	3
346	2
347	2
348	2
349	2
350	2
351	3
352	2
353	2
354	2
355	2
356	2
357	2
358	2
359	3
360	2
361	2
362	2
363	2
364	2
365	2
366	2
367	2
368	2
369	2
370	3
371	2
372	2
373	2
374	2
375	2
376	2
377	2
378	6
379	2
380	2
381	6
382	2
383	2
384	2
385	2
386	2
387	2
388	2
389	2
390	3
391	2
392	2
393	2
394	2
395	2
396	2
397	5
398	2
399	2
400	4
401	2
402	2
403	2
404	3
405	2
406	2
407	2
408	2
409	2
410	2
411	4
412	2
413	2
414	2
415	5
416	2
417	3
418	2
419	2
420	3
421	4
422	2
423	2
424	2
425	2
426	2
427	2
428	2
429	2
430	2
431	2
432	2
433	2
434	2
435	2
436	2
437	2
438	2
439	3
440	2
441	2
442	2
443	3
444	2
445	2
446	2
447	2
448	5
449	2
450	2
451	3
452	2
453	2
454	2
455	2
456	2
457	3
458	2
459	2
460	2
461	2
462	2
463	2
464	2
465	2
466	2
467	4
468	2
469	2
470	2
471	2
472	2
473	2
474	2
475	2
476	2
477	2
478	2
479	2
480	2
481	2
482	2
483	3
484	2
485	4
486	2
487	3
488	2
489	3
490	3
491	2
492	2
493	2
494	3
495	2
496	2
497	2
498	3
499	2
500	2
501	2
502	5
503	2
504	2
505	2
506	2
507	2
508	3
509	3
510	2
511	3
512	4
513	3
514	2
515	3
516	2
517	2
518	3
519	5
520	2
521	3
522	2
523	2
524	3
525	2
526	2
527	5
528	2
529	2
530	2
531	3
532	2
533	2
534	2
535	5
536	3
537	2
538	2
539	3
540	2
541	2
542	2
543	3
544	2
545	2
546	2
547	2
548	2
549	2
550	3
551	2
552	2
553	2
554	2
555	2
556	2
557	3
558	2
559	2
560	2
561	2
562	2
563	2
564	2
565	2
566	2
567	2
568	2
569	2
570	2
571	2
572	2
573	2
574	2
575	2
576	2
577	2
578	3
579	6
580	2
581	2
582	2
583	2
584	2
585	4
586	2
587	4
588	2
589	2
590	2
591	2
592	4
593	2
594	4
595	2
596	2
597	4
598	2
599	2
600	2
601	2
602	2
603	2
604	3
605	2
606	2
607	2
608	2
609	3
610	2
611	2
612	2
613	2
614	2
615	3
616	2
617	3
618	2
619	2
620	2
621	3
622	2
623	2
624	3
625	3
626	2
627	3
628	2
629	2
630	5
631	2
632	2
633	2
634	3
635	4
636	2
637	2
638	2
639	2
640	2
641	2
642	2
643	2
644	2
645	2
646	2
647	2
648	2
649	2
650	2
651	2
652	3
653	5
654	2
655	2
656	2
657	2
658	2
659	2
660	2
661	2
662	2
663	3
664	2
665	2
666	2
667	2
668	2
669	2
670	3
671	3
672	2
673	3
674	2
675	3
676	3
677	2
678	2
679	2
680	2
681	2
682	2
683	5
684	4
685	2
686	2
687	2
688	2
689	2
690	2
691	3
692	2
693	4
694	3
695	4
696	2
697	5
698	2
699	2
700	2
701	2
702	2
703	2
704	2
705	2
706	2
707	2
708	2
709	2
710	2
711	3
712	2
713	2
714	2
715	3
716	2
717	2
718	2
719	2
720	2
721	2
722	2
723	2
724	2
725	2
726	2
727	2
728	3
729	3
730	2
731	2
732	2
733	3
734	2
735	2
736	2
737	2
738	3
739	3
740	4
741	2
742	2
743	2
744	2
745	2
746	2
747	2
748	2
749	2
750	2
751	2
752	4
753	2
754	2
755	3
756	2
757	2
758	2
759	2
760	2
761	2
762	2
763	2
764	3
765	3
766	2
767	2
768	2
769	3
770	2
771	2
772	2
773	3
774	2
775	2
776	3
777	2
778	2
779	2
780	2
781	2
782	3
783	3
784	2
785	4
786	2
787	2
788	2
789	2
790	2
791	2
792	3
793	2
794	3
795	5
796	2
797	2
798	2
799	3
800	2
801	2
802	2
803	2
804	2
805	2
806	4
807	2
808	2
809	3
810	4
811	5
812	2
813	3
814	4
815	3
816	4
817	2
818	6
819	2
820	4
821	4
822	2
823	2
824	2
825	2
826	2
827	2
828	2
829	2
830	3
831	2
832	3
833	3
834	2
835	4
836	2
837	2
838	2
839	2
840	4
841	2
842	2
843	2
844	3
845	2
846	2
847	2
848	3
849	3
850	2
851	2
852	2
853	2
854	2
855	2
856	3
857	3
858	2
859	2
860	3
861	2
862	4
863	2
864	2
865	5
866	2
867	2
868	2
869	3
870	2
871	2
872	2
873	3
874	4
875	3
876	2
877	2
878	2
879	6
880	2
881	2
882	3
883	2
884	2
885	3
886	2
887	2
888	2
889	2
890	2
891	2
892	2
893	2
894	2
895	5
896	2
897	2
898	2
899	3
900	2
901	2
902	2
903	3
904	6
905	3
906	5
907	2
908	2
909	2
910	2
911	3
912	2
913	3
914	2
915	3
916	6
917	2
918	2
919	2
920	2
921	2
922	2
923	2
924	2
925	2
926	2
927	2
928	2
929	4
930	2
931	3
932	3
933	2
934	2
935	2
936	2
937	2
938	2
939	2
940	2
941	2
942	3
943	2
944	4
945	2
946	2
947	3
948	2
949	2
950	3
951	2
952	2
953	2
954	2
955	2
956	2
957	2
958	4
959	2
960	3
961	2
962	2
963	2
964	3
965	2
966	2
967	2
968	3
969	5
970	2
971	2
972	2
973	3
974	4
975	2
976	2
977	3
978	2
979	2
980	2
981	3
982	2
983	4
984	3
985	2
986	3
987	2
988	2
989	4
990	2
991	2
992	2
993	2
994	2
995	2
996	2
997	3
998	2
999	2
1000	3
1001	2
1002	2
1003	3
1004	2
1005	2
1006	2
1007	2
1008	3
1009	2
1010	2
1011	2
1012	2
1013	2
1014	2
1015	2
1016	2
1017	2
1018	2
1019	2
1020	2
1021	4
1022	3
1023	3
1024	2
1025	2
1026	2
1027	2
1028	4
1029	3
1030	2
1031	2
1032	3
1033	3
1034	3
1035	2
1036	2
1037	2
1038	7
1039	2
1040	2
1041	5
1042	2
1043	4
1044	2
1045	3
1046	3
1047	2
1048	2
1049	3
1050	3
1051	2
1052	2
1053	2
1054	2
1055	2
1056	2
1057	2
1058	2
1059	7
1060	2
1061	4
1062	2
1063	3
1064	2
1065	2
1066	2
1067	2
1068	2
1069	2
1070	2
1071	3
1072	2
1073	6
1074	2
1075	2
1076	5
1077	2
1078	2
1079	3
1080	2
1081	2
1082	2
1083	3
1084	2
1085	2
1086	2
1087	2
1088	2
1089	4
1090	2
1091	2
1092	3
1093	3
1094	3
1095	2
1096	2
1097	3
1098	2
1099	3
1100	3
1101	2
1102	2
1103	3
1104	2
1105	3
1106	2
1107	2
1108	2
1109	2
1110	2
1111	4
1112	2
1113	2
1114	2
1115	3
1116	3
1117	2
1118	2
1119	3
1120	4
1121	4
1122	3
1123	2
1124	5
1125	3
1126	3
1127	2
1128	3
1129	2
1130	2
1131	3
1132	2
1133	2
1134	3
1135	3
1136	2
1137	3
1138	2
1139	2
1140	2
1141	3
1142	2
1143	5
1144	2
1145	3
1146	4
1147	2
1148	2
1149	3
1150	2
1151	2
1152	3
1153	2
1154	6
1155	2
1156	2
1157	3
1158	2
1159	2
1160	2
1161	2
1162	3
1163	2
1164	3
1165	4
1166	2
1167	2
1168	2
1169	2
1170	2
1171	2
1172	2
1173	2
1174	3
1175	4
1176	5
1177	2
1178	2
1179	2
1180	4
1181	3
1182	2
1183	2
1184	2
1185	2
1186	4
1187	2
1188	2
1189	2
1190	2
1191	2
1192	2
1193	5
1194	3
1195	2
1196	2
1197	2
1198	2
1199	3
1200	2
1201	2
1202	2
1203	2
1204	2
1205	2
1206	2
1207	3
1208	2
1209	5
1210	2
1211	4
1212	2
1213	2
1214	2
1215	2
1216	2
1217	2
1218	3
1219	2
1220	2
1221	2
1222	2
1223	2
1224	2
1225	2
1226	3
1227	2
1228	2
1229	2
1230	2
1231	2
1232	3
1233	3
1234	4
1235	2
1236	2
1237	2
1238	3
1239	2
1240	2
1241	2
1242	2
1243	2
1244	2
1245	3
1246	2
1247	2
1248	2
1249	2
1250	2
1251	2
1252	2
1253	2
1254	2
1255	2
1256	2
1257	2
1258	2
1259	7
1260	2
1261	4
1262	3
1263	2
1264	2
1265	2
1266	2
1267	2
1268	2
1269	3
1270	2
1271	3
1272	3
1273	5
1274	2
1275	2
1276	2
1277	4
1278	3
1279	4
1280	2
1281	2
1282	3
1283	2
1284	2
1285	2
1286	2
1287	2
1288	5
1289	2
1290	2
1291	2
1292	2
1293	2
1294	6
1295	3
1296	2
1297	4
1298	4
1299	2
1300	2
1301	2
1302	3
1303	2
1304	2
1305	2
1306	3
1307	2
1308	2
1309	2
1310	2
1311	3
1312	2
1313	2
1314	2
1315	2
1316	3
1317	2
1318	2
1319	2
1320	3
1321	3
1322	3
1323	3
1324	4
1325	2
1326	4
1327	2
1328	2
1329	2
1330	3
1331	3
1332	2
1333	5
1334	3
1335	4
1336	2
1337	2
1338	2
1339	2
1340	2
1341	2
1342	2
1343	3
1344	3
1345	4
1346	3
1347	4
1348	2
1349	2
1350	2
1351	3
1352	2
1353	2
1354	3
1355	3
1356	2
1357	2
1358	2
1359	2
1360	2
1361	2
1362	3
1363	2
1364	2
1365	2
1366	2
1367	2
1368	3
1369	3
1370	2
1371	2
1372	2
1373	2
1374	3
1375	2
1376	4
1377	6
1378	2
1379	2
1380	2
1381	2
1382	2
1383	2
1384	2
1385	3
1386	2
1387	4
1388	2
1389	2
1390	2
1391	3
1392	3
1393	2
1394	3
1395	2
1396	3
1397	2
1398	3
1399	4
1400	2
1401	2
1402	2
1403	3
1404	3
1405	2
1406	2
1407	4
1408	2
1409	2
1410	2
1411	2
1412	2
1413	3
1414	4
1415	2
1416	2
1417	2
1418	3
1419	2
1420	3
1421	4
1422	2
1423	2
1424	2
1425	3
1426	3
1427	2
1428	3
1429	4
1430	2
1431	2
1432	2
1433	3
1434	3
1435	4
1436	3
1437	2
1438	3
1439	3
1440	2
1441	2
1442	2
1443	2
1444	3
1445	2
1446	2
1447	2
1448	2
1449	2
1450	4
1451	3
1452	2
1453	2
1454	2
1455	2
1456	2
1457	2
1458	3
1459	3
1460	3
1461	2
1462	4
1463	3
1464	2
1465	3
1466	3
1467	2
1468	5
1469	3
1470	3
1471	2
1472	2
1473	2
1474	2
1475	2
1476	2
1477	2
1478	2
1479	3
1480	2
1481	2
1482	2
1483	3
1484	2
1485	2
1486	2
1487	3
1488	3
1489	3
1490	2
1491	3
1492	5
1493	3
1494	2
1495	2
1496	2
1497	2
1498	2
1499	4
1500	2
1501	2
1502	3
1503	2
1504	3
1505	5
1506	2
1507	2
1508	2
1509	2
1510	4
1511	2
1512	3
1513	2
1514	4
1515	2
1516	2
1517	3
1518	3
1519	2
1520	3
1521	3
1522	3
1523	2
1524	6
1525	2
1526	3
1527	4
1528	2
1529	2
1530	2
1531	2
1532	2
1533	3
1534	3
1535	2
1536	2
1537	2
1538	3
1539	2
1540	3
1541	3
1542	3
1543	2
1544	2
1545	4
1546	4
1547	2
1548	3
1549	2
1550	2
1551	4
1552	2
1553	3
1554	2
1555	2
1556	2
1557	8
1558	2
1559	2
1560	3
1561	2
1562	2
1563	2
1564	2
1565	3
1566	2
1567	2
1568	3
1569	2
1570	3
1571	2
1572	2
1573	2
1574	2
1575	6
1576	2
1577	2
1578	2
1579	2
1580	2
1581	2
1582	2
1583	3
1584	2
1585	2
1586	2
1587	3
1588	2
1589	3
1590	3
1591	2
1592	2
1593	4
1594	2
1595	6
1596	3
1597	4
1598	3
1599	6
1600	3
1601	2
1602	2
1603	3
1604	2
1605	2
1606	2
1607	3
1608	2
1609	4
1610	3
1611	2
1612	2
1613	3
1614	2
1615	2
1616	3
1617	3
1618	2
1619	2
1620	2
1621	6
1622	2
1623	2
1624	2
1625	3
1626	3
1627	3
1628	3
1629	2
1630	3
1631	3
1632	2
1633	2
1634	2
1635	2
1636	2
1637	3
1638	2
1639	2
1640	2
1641	2
1642	2
1643	2
1644	2
1645	3
1646	2
1647	3
1648	2
1649	3
1650	2
1651	2
1652	2
1653	2
1654	2
1655	2
1656	2
1657	2
1658	2
1659	2
1660	2
1661	2
1662	2
1663	2
1664	2
1665	2
1666	2
1667	2
1668	2
1669	3
1670	2
1671	3
1672	2
1673	2
1674	2
1675	2
1676	3
1677	2
1678	3
1679	2
1680	2
1681	2
1682	3
1683	4
1684	2
1685	2
1686	2
1687	2
1688	4
1689	3
1690	2
1691	2
1692	2
1693	3
1694	2
1695	2
1696	3
1697	3
1698	3
1699	3
1700	2
1701	2
1702	4
1703	2
1704	2
1705	2
1706	3
1707	4
1708	2
1709	2
1710	2
1711	2
1712	2
1713	5
1714	2
1715	2
1716	2
1717	2
1718	2
1719	2
1720	2
1721	3
1722	2
1723	3
1724	3
1725	3
1726	2
1727	2
1728	2
1729	2
1730	2
1731	2
1732	2
1733	2
1734	2
1735	2
1736	2
1737	2
1738	2
1739	2
1740	2
1741	2
1742	3
1743	4
1744	2
1745	3
1746	2
1747	2
1748	2
1749	2
1750	2
1751	2
1752	4
1753	2
1754	2
1755	2
1756	2
1757	2
1758	2
1759	2
1760	2
1761	2
1762	3
1763	2
1764	2
1765	2
1766	2
1767	2
1768	2
1769	2
1770	2
1771	3
1772	2
1773	2
1774	2
1775	2
1776	2
1777	2
1778	2
1779	3
1780	2
1781	2
1782	2
1783	2
1784	2
1785	2
1786	3
1787	2
1788	2
1789	3
1790	2
1791	2
1792	2
1793	2
1794	2
1795	3
1796	2
1797	2
1798	2
1799	3
1800	2
1801	4
1802	2
1803	3
1804	3
1805	4
1806	2
1807	3
1808	3
1809	3
1810	3
1811	2
1812	2
1813	2
1814	2
1815	2
1816	3
1817	2
1818	2
1819	2
1820	3
1821	3
1822	3
1823	3
1824	3
1825	2
1826	2
1827	2
1828	2
1829	2
1830	2
1831	2
1832	2
1833	2
1834	2
1835	2
1836	2
1837	3
1838	4
1839	2
1840	2
1841	2
1842	3
1843	4
1844	5
1845	2
1846	2
1847	2
1848	2
1849	2
1850	3
1851	2
1852	3
1853	3
1854	3
1855	2
1856	2
1857	2
1858	2
1859	3
1860	2
1861	2
1862	2
1863	2
1864	2
1865	2
1866	2
1867	2
1868	2
1869	2
1870	3
1871	2
1872	2
1873	2
1874	2
1875	2
1876	2
1877	2
1878	2
1879	2
1880	2
1881	2
1882	2
1883	2
1884	2
1885	2
1886	2
1887	2
1888	3
1889	3
1890	2
1891	2
1892	2
1893	4
1894	2
1895	2
1896	2
1897	2
1898	2
1899	2
1900	2
1901	2
1902	2
1903	2
1904	2
1905	2
1906	2
1907	2
1908	2
1909	2
1910	2
1911	2
1912	2
1913	2
1914	2
1915	2
1916	2
1917	2
1918	2
1919	2
1920	2
1921	2
1922	2
1923	2
1924	2
1925	2
1926	2
1927	2
1928	2
1929	2
1930	2
1931	2
1932	2
1933	2
1934	2
1935	3
1936	2
1937	2
1938	2
1939	2
1940	2
1941	2
1942	3
1943	2
1944	2
1945	2
1946	2
1947	2
1948	2
1949	2
1950	2
1951	2
1952	2
1953	2
1954	3
1955	2
1956	2
1957	2
1958	2
1959	2
1960	3
1961	2
1962	2
1963	2
1964	2
1965	2
1966	2
1967	2
1968	2
1969	2
1970	2
1971	2
1972	2
1973	3
1974	2
1975	2
1976	2
1977	2
1978	2
1979	2
1980	3
1981	2
1982	3
1983	2
1984	2
1985	2
1986	2
1987	2
1988	2
1989	2
1990	2
1991	2
1992	2
1993	2
1994	2
1995	2
1996	2
1997	2
1998	3
1999	2
2000	2
2001	2
2002	2
2003	2
2004	2
2005	2
2006	2
2007	2
2008	2
2009	2
2010	2
2011	2
2012	3
2013	2
2014	3
2015	2
2016	3
2017	2
2018	2
2019	2
2020	3
2021	2
2022	2
2023	2
2024	2
2025	2
2026	2
2027	2
2028	2
2029	2
2030	2
2031	2
2032	2
2033	2
2034	2
2035	2
2036	2
2037	2
2038	2
2039	2
2040	2
2041	2
2042	2
2043	2
2044	2
2045	2
2046	2
2047	2
2048	2
2049	2
2050	3
2051	2
2052	2
2053	2
2054	2
2055	2
2056	2
2057	2
2058	2
2059	2
2060	2
2061	2
2062	2
2063	2
2064	2
2065	2
2066	2
2067	2
2068	2
2069	2
2070	2
2071	2
2072	3
2073	2
2074	2
2075	3
2076	2
2077	2
2078	2
2079	2
2080	2
2081	2
2082	2
2083	2
2084	2
2085	2
2086	2
2087	2
2088	2
2089	2
2090	2
2091	2
2092	2
2093	2
2094	2
2095	2
2096	2
2097	2
2098	2
2099	2
2100	2
2101	2
2102	2
2103	2
2104	2
2105	2
2106	2
2107	2
2108	2
2109	2
2110	2
2111	2
2112	2
2113	2
2114	2
2115	2
2116	2
2117	2
2118	2
2119	2
2120	2
2121	2
2122	2
2123	2
2124	2
2125	2
2126	2
2127	2
2128	2
2129	2
2130	2
2131	2
2132	2
2133	2
2134	2
2135	2
2136	2
2137	2
2138	2
2139	2
2140	2
2141	2
2142	2
2143	2
2144	2
2145	3
2146	2
2147	2
2148	2
2149	2
2150	2
2151	2
2152	2
2153	2
2154	2
2155	2
2156	2
2157	2
2158	2
2159	2
2160	2
2161	2
2162	2
2163	2
2164	2
2165	2
2166	2
2167	2
2168	2
2169	2
2170	2
2171	2
2172	2
2173	2
2174	2
2175	4
2176	2
2177	2
2178	2
2179	2
2180	2
2181	3
2182	3
2183	2
2184	4
2185	2
2186	2
2187	2
2188	3
2189	2
2190	2
2191	2
2192	2
2193	2
2194	2
2195	2
2196	2
2197	2
2198	2
2199	2
2200	2
2201	2
2202	2
2203	3
2204	2
2205	3
2206	4
2207	3
2208	3
2209	2
2210	2
2211	2
2212	2
2213	3
2214	2
2215	2
2216	2
2217	4
2218	2
2219	2
2220	4
2221	2
2222	2
2223	2
2224	4
2225	2
2226	2
2227	2
2228	3
2229	2
2230	2
2231	3
2232	3
2233	2
2234	2
2235	2
2236	2
2237	2
2238	2
2239	2
2240	2
2241	3
2242	2
2243	2
2244	2
2245	2
2246	2
2247	2
2248	4
2249	5
2250	2
2251	2
2252	2
2253	3
2254	3
2255	2
2256	2
2257	2
2258	2
2259	2
2260	2
2261	2
2262	3
2263	5
2264	2
2265	2
2266	2
2267	2
2268	2
2269	2
2270	2
2271	2
2272	2
2273	2
2274	2
2275	2
2276	2
2277	9
2278	2
2279	3
2280	2
2281	3
2282	4
2283	2
2284	3
2285	2
2286	3
2287	2
2288	3
2289	2
2290	2
2291	2
2292	2
2293	3
2294	2
2295	2
2296	2
2297	3
2298	2
2299	4
2300	5
2301	2
2302	2
2303	3
2304	2
2305	2
2306	3
2307	3
2308	2
2309	4
2310	2
2311	2
2312	2
2313	5
2314	2
2315	2
2316	2
2317	2
2318	2
2319	3
2320	2
2321	3
2322	2
2323	3
2324	5
2325	4
2326	2
2327	2
2328	2
2329	2
2330	5
2331	7
2332	3
2333	2
2334	3
2335	2
2336	2
2337	2
2338	2
2339	2
2340	3
2341	2
2342	2
2343	4
2344	2
2345	3
2346	2
2347	4
2348	2
2349	2
2350	4
2351	2
2352	2
2353	2
2354	2
2355	2
2356	2
2357	3
2358	2
2359	2
2360	2
2361	3
2362	3
2363	2
2364	3
2365	2
2366	2
2367	3
2368	7
2369	2
2370	3
2371	3
2372	2
2373	3
2374	3
2375	2
2376	2
2377	2
2378	2
2379	5
2380	2
2381	2
2382	3
2383	2
2384	2
2385	2
2386	2
2387	2
2388	2
2389	2
2390	2
2391	2
2392	2
2393	4
2394	3
2395	3
2396	2
2397	2
2398	2
2399	2
2400	3
2401	2
2402	2
2403	4
2404	3
2405	3
2406	3
2407	3
2408	2
2409	3
2410	2
2411	2
2412	3
2413	4
2414	3
2415	3
2416	3
2417	3
2418	4
2419	2
2420	2
2421	2
2422	3
2423	2
2424	3
2425	3
2426	3
2427	2
2428	2
2429	4
2430	3
2431	2
2432	6
2433	3
2434	2
2435	6
2436	5
2437	2
2438	2
2439	2
2440	2
2441	2
2442	3
2443	4
2444	2
2445	2
2446	2
2447	3
2448	3
2449	4
2450	3
2451	2
2452	4
2453	2
2454	3
2455	2
2456	2
2457	2
2458	4
2459	2
2460	2
2461	5
2462	2
2463	3
2464	2
2465	3
2466	3
2467	3
2468	3
2469	2
2470	2
2471	2
2472	2
2473	2
2474	2
2475	2
2476	2
2477	2
2478	3
2479	3
2480	2
2481	3
2482	3
2483	3
2484	2
2485	2
2486	2
2487	2
2488	2
2489	2
2490	3
2491	3
2492	2
2493	2
2494	3
2495	3
2496	2
2497	2
2498	2
2499	2
2500	2
2501	4
2502	2
2503	3
2504	5
2505	2
2506	2
2507	2
2508	2
2509	2
2510	2
2511	3
2512	2
2513	2
2514	5
2515	2
2516	3
2517	4
2518	2
2519	2
2520	2
2521	2
2522	3
2523	2
2524	2
2525	2
2526	2
2527	2
2528	4
2529	2
2530	2
2531	3
2532	2
2533	2
2534	3
2535	2
2536	2
2537	2
2538	2
2539	2
2540	2
2541	2
2542	2
2543	2
2544	2
2545	2
2546	4
2547	4
2548	2
2549	2
2550	2
2551	4
2552	2
2553	3
2554	5
2555	5
2556	2
2557	2
2558	2
2559	2
2560	2
2561	2
2562	2
2563	2
2564	2
2565	3
2566	2
2567	4
2568	2
2569	2
2570	3
2571	2
2572	4
2573	2
2574	3
2575	2
2576	2
2577	2
2578	2
2579	3
2580	2
2581	3
2582	3
2583	2
2584	2
2585	2
2586	2
2587	2
2588	2
2589	3
2590	2
2591	2
2592	3
2593	3
2594	2
2595	3
2596	4
2597	2
2598	2
2599	4
2600	2
2601	2
2602	2
2603	2
2604	2
2605	2
2606	2
2607	2
2608	2
2609	2
2610	3
2611	2
2612	3
2613	2
2614	3
2615	2
2616	2
2617	2
2618	2
2619	6
2620	3
2621	2
2622	3
2623	2
2624	2
2625	2
2626	2
2627	3
2628	2
2629	3
2630	2
2631	2
2632	2
2633	3
2634	2
2635	2
2636	3
2637	2
2638	4
2639	2
2640	2
2641	3
2642	2
2643	2
2644	2
2645	3
2646	2
2647	2
2648	2
2649	3
2650	2
2651	2
2652	3
2653	2
2654	2
2655	2
2656	2
2657	5
2658	2
2659	3
2660	3
2661	2
2662	2
2663	2
2664	7
2665	2
2666	2
2667	5
2668	3
2669	2
2670	2
2671	2
2672	3
2673	2
2674	4
2675	2
2676	2
2677	2
2678	2
2679	4
2680	2
2681	3
2682	2
2683	2
2684	2
2685	2
2686	2
2687	2
2688	3
2689	3
2690	2
2691	2
2692	4
2693	4
2694	2
2695	4
2696	3
2697	3
2698	3
2699	3
2700	3
2701	2
2702	2
2703	5
2704	2
2705	2
2706	2
2707	2
2708	2
2709	2
2710	3
2711	2
2712	2
2713	2
2714	2
2715	2
2716	5
2717	2
2718	2
2719	2
2720	2
2721	3
2722	2
2723	2
2724	2
2725	3
2726	4
2727	2
2728	2
2729	2
2730	3
2731	3
2732	2
2733	2
2734	3
2735	2
2736	2
2737	4
2738	2
2739	3
2740	2
2741	2
2742	3
2743	2
2744	3
2745	4
2746	2
2747	2
2748	2
2749	3
2750	2
2751	2
2752	2
2753	3
2754	4
2755	2
2756	2
2757	3
2758	2
2759	2
2760	2
2761	2
2762	4
2763	2
2764	2
2765	2
2766	2
2767	3
2768	3
2769	2
2770	2
2771	2
2772	5
2773	3
2774	2
2775	3
2776	3
2777	2
2778	3
2779	2
2780	2
2781	3
2782	3
2783	6
2784	2
2785	5
2786	3
2787	2
2788	2
2789	2
2790	2
2791	5
2792	2
2793	4
2794	2
2795	2
2796	2
2797	3
2798	4
2799	2
2800	2
2801	2
2802	5
2803	2
2804	5
2805	2
2806	2
2807	3
2808	2
2809	3
2810	2
2811	2
2812	2
2813	3
2814	2
2815	5
2816	2
2817	7
2818	6
2819	4
2820	2
2821	2
2822	2
2823	2
2824	2
2825	2
2826	2
2827	2
2828	2
2829	3
2830	2
2831	2
2832	2
2833	2
2834	2
2835	2
2836	3
2837	2
2838	2
2839	2
2840	3
2841	2
2842	2
2843	2
2844	2
2845	2
2846	2
2847	2
2848	2
2849	2
2850	3
2851	2
2852	4
2853	2
2854	2
2855	2
2856	4
2857	2
2858	6
2859	2
2860	2
2861	2
2862	5
2863	2
2864	4
2865	3
2866	2
2867	4
2868	3
2869	3
2870	2
2871	2
2872	2
2873	2
2874	2
2875	4
2876	2
2877	4
2878	2
2879	2
2880	2
2881	2
2882	2
2883	2
2884	3
2885	5
2886	4
2887	2
2888	2
2889	4
2890	3
2891	3
2892	3
2893	2
2894	2
2895	2
2896	2
2897	2
2898	2
2899	2
2900	2
2901	2
2902	2
2903	5
2904	2
2905	2
2906	2
2907	2
2908	2
2909	3
2910	2
2911	2
2912	3
2913	7
2914	2
2915	2
2916	2
2917	3
2918	5
2919	2
2920	5
2921	2
2922	4
2923	2
2924	2
2925	2
2926	2
2927	4
2928	2
2929	2
2930	6
2931	2
2932	6
2933	2
2934	2
2935	4
2936	3
2937	2
2938	4
2939	2
2940	3
2941	2
2942	2
2943	4
2944	6
2945	2
2946	2
2947	3
2948	2
2949	2
2950	3
2951	4
2952	3
2953	2
2954	3
2955	2
2956	2
2957	3
2958	4
2959	2
2960	2
2961	2
2962	2
2963	2
2964	2
2965	3
2966	2
2967	3
2968	2
2969	3
2970	2
2971	2
2972	3
2973	2
2974	8
2975	2
2976	2
2977	2
2978	3
2979	2
2980	3
2981	2
2982	2
2983	3
2984	2
2985	4
2986	2
2987	2
2988	4
2989	6
2990	2
2991	2
2992	3
2993	3
2994	4
2995	2
2996	2
2997	2
2998	5
2999	7
3000	2
3001	2
3002	2
3003	2
3004	2
3005	4
3006	2
3007	2
3008	7
3009	2
3010	2
3011	2
3012	2
3013	2
3014	2
3015	2
3016	2
3017	3
3018	3
3019	2
3020	3
3021	2
3022	2
3023	2
3024	2
3025	2
3026	3
3027	2
3028	2
3029	3
3030	3
3031	7
3032	3
3033	2
3034	2
3035	2
3036	2
3037	2
3038	4
3039	2
3040	2
3041	4
3042	2
3043	3
3044	3
3045	2
3046	2
3047	5
3048	2
3049	2
3050	2
3051	9
3052	3
3053	5
3054	3
3055	2
3056	2
3057	2
3058	2
3059	3
3060	2
3061	2
3062	2
3063	3
3064	2
3065	2
3066	2
3067	4
3068	2
3069	2
3070	2
3071	2
3072	2
3073	7
3074	3
3075	2
3076	4
3077	3
3078	2
3079	2
3080	3
3081	3
3082	4
3083	3
3084	2
3085	2
3086	2
3087	2
3088	2
3089	2
3090	2
3091	2
3092	2
3093	2
3094	3
3095	2
3096	4
3097	2
3098	2
3099	4
3100	3
3101	3
3102	3
3103	2
3104	3
3105	6
3106	2
3107	3
3108	3
3109	4
3110	3
3111	2
3112	2
3113	3
3114	3
3115	3
3116	2
3117	2
3118	9
3119	3
3120	3
3121	2
3122	2
3123	2
3124	2
3125	4
3126	5
3127	2
3128	4
3129	2
3130	2
3131	4
3132	2
3133	3
3134	3
3135	2
3136	2
3137	2
3138	2
3139	2
3140	3
3141	5
3142	2
3143	2
3144	2
3145	2
3146	3
3147	2
3148	2
3149	2
3150	3
3151	5
3152	3
3153	3
3154	2
3155	5
3156	2
3157	2
3158	3
3159	2
3160	4
3161	4
3162	2
3163	2
3164	2
3165	2
3166	5
3167	2
3168	2
3169	4
3170	2
3171	2
3172	2
3173	2
3174	3
3175	3
3176	2
3177	2
3178	4
3179	2
3180	2
3181	7
3182	2
3183	4
3184	2
3185	5
3186	2
3187	2
3188	2
3189	4
3190	2
3191	2
3192	3
3193	2
3194	4
3195	2
3196	2
3197	4
3198	3
3199	3
3200	3
3201	2
3202	2
3203	2
3204	2
3205	2
3206	6
3207	2
3208	2
3209	2
3210	7
3211	3
3212	4
3213	2
3214	3
3215	2
3216	3
3217	2
3218	4
3219	2
3220	2
3221	2
3222	3
3223	2
3224	4
3225	3
3226	2
3227	2
3228	3
3229	3
3230	3
3231	5
3232	2
3233	2
3234	4
3235	3
3236	2
3237	2
3238	3
3239	2
3240	3
3241	2
3242	4
3243	2
3244	5
3245	3
3246	5
3247	2
3248	2
3249	3
3250	2
3251	2
3252	3
3253	5
3254	3
3255	2
3256	3
3257	2
3258	2
3259	7
3260	2
3261	4
3262	3
3263	5
3264	3
3265	2
3266	3
3267	2
3268	2
3269	3
3270	3
3271	2
3272	2
3273	5
3274	2
3275	2
3276	3
3277	2
3278	3
3279	2
3280	3
3281	3
3282	2
3283	2
3284	2
3285	4
3286	4
3287	2
3288	2
3289	3
3290	2
3291	2
3292	2
3293	4
3294	4
3295	2
3296	2
3297	3
3298	2
3299	2
3300	4
3301	2
3302	3
3303	3
3304	3
3305	3
3306	5
3307	2
3308	2
3309	3
3310	2
3311	2
3312	6
3313	2
3314	2
3315	3
3316	2
3317	3
3318	2
3319	2
3320	2
3321	4
3322	3
3323	3
3324	2
3325	2
3326	3
3327	2
3328	2
3329	2
3330	2
3331	2
3332	2
3333	2
3334	4
3335	4
3336	2
3337	4
3338	2
3339	3
3340	2
3341	2
3342	4
3343	6
3344	2
3345	3
3346	4
3347	4
3348	2
3349	2
3350	2
3351	2
3352	2
3353	2
3354	2
3355	4
3356	6
3357	3
3358	3
3359	7
3360	2
3361	3
3362	2
3363	2
3364	2
3365	3
3366	2
3367	5
3368	2
3369	2
3370	4
3371	4
3372	2
3373	4
3374	2
3375	4
3376	2
3377	3
3378	4
3379	2
3380	3
3381	2
3382	2
3383	6
3384	3
3385	4
3386	2
3387	5
3388	3
3389	4
3390	2
3391	3
3392	2
3393	2
3394	2
3395	3
3396	4
3397	2
3398	2
3399	2
3400	2
3401	2
3402	6
3403	2
3404	3
3405	8
3406	3
3407	2
3408	2
3409	2
3410	2
3411	2
3412	2
3413	2
3414	2
3415	4
3416	4
3417	8
3418	2
3419	2
3420	2
3421	7
3422	2
3423	2
3424	4
3425	2
3426	2
3427	6
3428	3
3429	5
3430	2
3431	2
3432	2
3433	3
3434	4
3435	2
3436	2
3437	3
3438	2
3439	3
3440	3
3441	4
3442	2
3443	2
3444	2
3445	2
3446	3
3447	2
3448	2
3449	2
3450	3
3451	2
3452	2
3453	2
3454	3
3455	3
3456	2
3457	2
3458	3
3459	3
3460	4
3461	2
3462	3
3463	3
3464	2
3465	3
3466	2
3467	4
3468	2
3469	4
3470	3
3471	3
3472	2
3473	2
3474	2
3475	5
3476	2
3477	3
3478	3
3479	2
3480	2
3481	3
3482	3
3483	4
3484	3
3485	2
3486	3
3487	4
3488	2
3489	3
3490	2
3491	2
3492	3
3493	2
3494	2
3495	2
3496	2
3497	3
3498	2
3499	2
3500	5
3501	2
3502	2
3503	5
3504	2
3505	2
3506	2
3507	3
3508	2
3509	6
3510	3
3511	2
3512	3
3513	2
3514	2
3515	2
3516	2
3517	3
3518	5
3519	2
3520	2
3521	4
3522	2
3523	2
3524	3
3525	5
3526	3
3527	2
3528	2
3529	2
3530	2
3531	2
3532	3
3533	3
3534	3
3535	3
3536	2
3537	2
3538	3
3539	3
3540	2
3541	2
3542	3
3543	5
3544	4
3545	2
3546	3
3547	6
3548	2
3549	2
3550	2
3551	2
3552	3
3553	2
3554	3
3555	2
3556	3
3557	3
3558	3
3559	2
3560	2
3561	7
3562	2
3563	2
3564	2
3565	2
3566	3
3567	2
3568	3
3569	2
3570	3
3571	2
3572	2
3573	2
3574	2
3575	2
3576	2
3577	3
3578	2
3579	2
3580	3
3581	4
3582	2
3583	2
3584	2
3585	3
3586	2
3587	2
3588	2
3589	6
3590	2
3591	3
3592	2
3593	3
3594	2
3595	5
3596	4
3597	3
3598	2
3599	2
3600	2
3601	2
3602	2
3603	5
3604	2
3605	2
3606	2
3607	2
3608	3
3609	2
3610	2
3611	2
3612	2
3613	2
3614	3
3615	2
3616	2
3617	4
3618	2
3619	6
3620	2
3621	3
3622	3
3623	4
3624	2
3625	3
3626	4
3627	2
3628	3
3629	2
3630	2
3631	2
3632	2
3633	2
3634	2
3635	2
3636	2
3637	4
3638	6
3639	2
3640	3
3641	2
3642	5
3643	3
3644	3
3645	2
3646	2
3647	2
3648	2
3649	2
3650	3
3651	2
3652	2
3653	2
3654	2
3655	2
3656	2
3657	2
3658	3
3659	3
3660	3
3661	2
3662	2
3663	3
3664	2
3665	3
3666	2
3667	5
3668	2
3669	3
3670	2
3671	3
3672	2
3673	4
3674	3
3675	2
3676	2
3677	2
3678	2
3679	2
3680	2
3681	2
3682	2
3683	3
3684	2
3685	2
3686	4
3687	3
3688	2
3689	2
3690	4
3691	4
3692	3
3693	2
3694	3
3695	3
3696	2
3697	3
3698	2
3699	2
3700	3
3701	2
3702	4
3703	2
3704	2
3705	2
3706	2
3707	2
3708	2
3709	3
3710	2
3711	4
3712	4
3713	4
3714	2
3715	4
3716	4
3717	2
3718	2
3719	2
3720	3
3721	2
3722	2
3723	2
3724	3
3725	2
3726	2
3727	3
3728	3
3729	2
3730	3
3731	3
3732	2
3733	2
3734	2
3735	2
3736	3
3737	2
3738	3
3739	7
3740	2
3741	4
3742	2
3743	2
3744	3
3745	3
3746	2
3747	3
3748	2
3749	3
3750	5
3751	2
3752	2
3753	6
3754	4
3755	2
3756	4
3757	2
3758	5
3759	2
3760	3
3761	2
3762	2
3763	2
3764	4
3765	2
3766	3
3767	3
3768	5
3769	6
3770	6
3771	2
3772	2
3773	3
3774	2
3775	19
3776	11
3777	7
3778	17
3779	9
3780	17
3781	18
3782	7
3783	9
3784	9
3785	5
3786	13
3787	2
3788	6
3789	16
3790	15
3791	7
3792	10
3793	6
3794	9
3795	9
3796	3
3797	11
3798	4
3799	10
3800	9
3801	9
3802	11
3803	11
3804	22
3805	12
3806	9
3807	10
3808	11
3809	4
3810	8
3811	15
3812	9
3813	14
3814	11
3815	20
3816	8
3817	4
3818	8
3819	16
3820	18
3821	5
3822	7
3823	10
3824	11
3825	11
3826	7
3827	13
3828	15
3829	12
3830	14
3831	4
3832	9
3833	2
3834	16
3835	13
3836	8
3837	12
3838	2
3839	8
3840	9
3841	21
3842	5
3843	2
3844	15
3845	7
3846	14
3847	2
3848	7
3849	14
3850	5
3851	9
3852	3
3853	3
3854	20
3855	8
3856	2
3857	2
3858	4
3859	12
3860	22
3861	4
3862	3
3863	3
3864	4
3865	3
3866	5
3867	20
3868	3
3869	2
3870	21
3871	12
3872	2
3873	2
3874	10
3875	16
3876	5
3877	8
3878	14
3879	7
3880	6
3881	9
3882	3
3883	5
3884	10
3885	11
3886	2
3887	3
3888	5
3889	9
3890	11
3891	2
3892	8
3893	5
3894	5
3895	4
3896	11
3897	7
3898	12
3899	9
3900	8
3901	3
3902	8
3903	4
3904	6
3905	10
3906	3
3907	5
3908	13
3909	14
3910	5
3911	7
3912	4
3913	7
3914	9
3915	4
3916	7
3917	9
3918	9
3919	7
3920	3
3921	5
3922	14
3923	2
3924	3
3925	5
3926	10
3927	6
3928	3
3929	2
3930	7
3931	15
3932	12
3933	2
3934	7
3935	8
3936	4
3937	8
3938	6
3939	3
3940	6
3941	7
3942	8
3943	6
3944	3
3945	6
3946	18
3947	4
3948	5
3949	8
3950	9
3951	3
3952	10
3953	10
3954	7
3955	3
3956	6
3957	12
3958	6
3959	2
3960	4
3961	7
3962	4
3963	8
3964	11
3965	8
3966	16
3967	5
3968	10
3969	11
3970	5
3971	2
3972	4
3973	4
3974	12
3975	13
3976	11
3977	3
3978	5
3979	2
3980	2
3981	3
3982	14
3983	12
3984	8
3985	3
3986	2
3987	8
3988	7
3989	2
3990	5
3991	2
3992	2
3993	13
3994	5
3995	6
3996	2
3997	5
3998	12
3999	5
4000	4
4001	8
4002	11
4003	4
4004	5
4005	11
4006	4
4007	6
4008	5
4009	2
4010	3
4011	6
4012	10
4013	6
4014	3
4015	4
4016	2
4017	9
4018	16
4019	7
4020	10
4021	12
4022	2
4023	6
4024	4
4025	8
4026	12
4027	20
4028	15
4029	4
4030	3
4031	2
4032	5
4033	19
4034	12
4035	3
4036	4
4037	11
4038	5
4039	2
4040	5
4041	3
4042	7
4043	14
4044	8
4045	17
4046	2
4047	3
4048	20
4049	6
4050	8
4051	7
4052	5
4053	4
4054	2
4055	6
4056	4
4057	4
4058	2
4059	3
4060	3
4061	3
4062	2
4063	13
4064	2
4065	11
4066	3
4067	2
4068	10
4069	3
4070	17
4071	11
4072	9
4073	9
4074	9
4075	16
4076	6
4077	11
4078	4
4079	15
4080	13
4081	2
4082	12
4083	8
4084	4
4085	3
4086	2
4087	2
4088	9
4089	6
4090	8
4091	10
4092	10
4093	9
4094	7
4095	3
4096	2
4097	14
4098	13
4099	12
4100	12
4101	3
4102	11
4103	12
4104	13
4105	13
4106	4
4107	8
4108	8
4109	9
4110	9
4111	18
4112	16
4113	11
4114	2
4115	10
4116	15
4117	12
4118	4
4119	15
4120	18
4121	19
4122	8
4123	14
4124	2
4125	6
4126	11
4127	7
4128	11
4129	7
4130	2
4131	24
4132	8
4133	19
4134	15
4135	9
4136	2
4137	9
4138	8
4139	7
4140	9
4141	21
4142	9
4143	14
4144	4
4145	16
4146	18
4147	8
4148	2
4149	7
4150	11
4151	2
4152	2
4153	6
4154	2
4155	4
4156	5
4157	8
4158	9
4159	7
4160	6
4161	6
4162	2
4163	5
4164	6
4165	2
4166	4
4167	8
4168	6
4169	3
4170	10
4171	12
4172	4
4173	4
4174	16
4175	2
4176	7
4177	4
4178	4
4179	12
4180	10
4181	7
4182	6
4183	3
4184	3
4185	9
4186	12
4187	2
4188	4
4189	6
4190	10
4191	3
4192	9
4193	6
4194	7
4195	5
4196	5
4197	7
4198	7
4199	13
4200	3
4201	14
4202	4
4203	5
4204	6
4205	6
4206	6
4207	8
4208	16
4209	4
4210	11
4211	15
4212	2
4213	5
4214	16
4215	7
4216	2
4217	12
4218	4
4219	22
4220	7
4221	6
4222	19
4223	9
4224	12
4225	2
4226	12
4227	2
4228	9
4229	7
4230	4
4231	15
4232	9
4233	6
4234	6
4235	15
4236	4
4237	5
4238	3
4239	15
4240	3
4241	5
4242	14
4243	8
4244	2
4245	6
4246	13
4247	7
4248	4
4249	6
4250	9
4251	11
4252	14
4253	8
4254	9
4255	15
4256	3
4257	14
4258	13
4259	11
4260	20
4261	8
4262	4
4263	5
4264	8
4265	3
4266	13
4267	2
4268	5
4269	3
4270	4
4271	13
4272	7
4273	9
4274	5
4275	16
4276	8
4277	3
4278	4
4279	5
4280	5
4281	7
4282	6
4283	4
4284	7
4285	3
4286	4
4287	5
4288	2
4289	19
4290	2
4291	2
4292	2
4293	2
4294	2
4295	9
4296	6
4297	2
4298	7
4299	6
4300	2
4301	10
4302	9
4303	7
4304	4
4305	3
4306	7
4307	4
4308	6
4309	9
4310	6
4311	5
4312	5
4313	4
4314	8
4315	3
4316	3
4317	9
4318	2
4319	13
4320	6
4321	4
4322	12
4323	5
4324	4
4325	7
4326	2
4327	18
4328	2
4329	23
4330	10
4331	3
4332	3
4333	11
4334	3
4335	14
4336	2
4337	7
4338	8
4339	9
4340	7
4341	6
4342	2
4343	13
4344	16
4345	2
4346	7
4347	9
4348	6
4349	4
4350	3
4351	9
4352	9
4353	7
4354	9
4355	7
4356	5
4357	13
4358	6
4359	3
4360	12
4361	10
4362	4
4363	10
4364	5
4365	7
4366	7
4367	3
4368	10
4369	6
4370	16
4371	3
4372	20
4373	14
4374	20
4375	4
4376	8
4377	4
4378	3
4379	10
4380	8
4381	11
4382	2
4383	8
4384	8
4385	14
4386	15
4387	2
4388	4
4389	8
4390	10
4391	3
4392	18
4393	4
4394	2
4395	6
4396	10
4397	8
4398	9
4399	10
4400	5
4401	9
4402	11
4403	5
4404	12
4405	7
4406	11
4407	6
4408	12
4409	6
4410	16
4411	5
4412	22
4413	9
4414	15
4415	12
4416	2
4417	9
4418	12
4419	7
4420	4
4421	9
4422	2
4423	2
4424	3
4425	15
4426	11
4427	7
4428	12
4429	17
4430	14
4431	15
4432	3
4433	2
4434	18
4435	2
4436	14
4437	12
4438	4
4439	12
4440	17
4441	2
4442	20
4443	6
4444	19
4445	13
4446	5
4447	13
4448	17
4449	8
4450	15
4451	15
4452	17
4453	3
4454	12
4455	5
4456	17
4457	7
4458	8
4459	3
4460	19
4461	18
4462	4
4463	20
4464	16
4465	5
4466	11
4467	22
4468	3
4469	21
4470	10
4471	8
4472	20
4473	6
4474	19
4475	6
4476	4
4477	4
4478	12
4479	7
4480	16
4481	7
4482	2
4483	4
4484	9
4485	9
4486	19
4487	4
4488	4
4489	2
4490	14
4491	2
4492	2
4493	3
4494	15
4495	5
4496	7
4497	12
4498	13
4499	5
4500	6
4501	5
4502	5
4503	2
4504	4
4505	5
4506	14
4507	10
4508	5
4509	4
4510	2
4511	2
4512	24
4513	12
4514	5
4515	5
4516	8
4517	12
4518	8
4519	14
4520	2
4521	2
4522	4
4523	9
4524	19
4525	8
4526	20
4527	2
4528	7
4529	4
4530	2
4531	4
4532	15
4533	4
4534	23
4535	3
4536	3
4537	13
4538	8
4539	11
4540	15
4541	4
4542	13
4543	4
4544	23
4545	12
4546	7
4547	2
4548	2
4549	22
4550	12
4551	3
4552	8
4553	5
4554	9
4555	11
4556	3
4557	8
4558	5
4559	8
4560	4
4561	4
4562	7
4563	9
4564	2
4565	3
4566	6
4567	7
4568	2
4569	2
4570	10
4571	9
4572	3
4573	12
4574	9
4575	11
4576	6
4577	12
4578	3
4579	7
4580	14
4581	5
4582	2
4583	4
4584	12
4585	5
4586	10
4587	6
4588	11
4589	3
4590	8
4591	10
4592	14
4593	2
4594	2
4595	6
4596	3
4597	4
4598	7
4599	6
4600	5
4601	2
4602	2
4603	4
4604	3
4605	3
4606	4
4607	3
4608	3
4609	8
4610	11
4611	3
4612	2
4613	16
4614	4
4615	7
4616	3
4617	14
4618	3
4619	12
4620	5
4621	7
4622	4
4623	6
4624	3
4625	9
4626	5
4627	2
4628	9
4629	24
4630	5
4631	8
4632	5
4633	9
4634	9
4635	14
4636	3
4637	20
4638	13
4639	15
4640	10
4641	20
4642	16
4643	4
4644	10
4645	3
4646	8
4647	6
4648	10
4649	4
4650	10
4651	15
4652	8
4653	6
4654	12
4655	2
4656	2
4657	3
4658	2
4659	8
4660	6
4661	4
4662	20
4663	12
4664	2
4665	15
4666	2
4667	8
4668	2
4669	2
4670	6
4671	4
4672	20
4673	16
4674	4
4675	13
4676	4
4677	11
4678	2
4679	5
4680	23
4681	11
4682	3
4683	3
4684	6
4685	2
4686	2
4687	13
4688	2
4689	2
4690	12
4691	3
4692	2
4693	2
4694	2
4695	20
4696	6
4697	3
4698	9
4699	8
4700	3
4701	9
4702	13
4703	20
4704	4
4705	16
4706	12
4707	18
4708	2
4709	12
4710	20
4711	5
4712	3
4713	11
4714	4
4715	2
4716	14
4717	9
4718	7
4719	10
4720	7
4721	8
4722	13
4723	2
4724	3
4725	12
4726	8
4727	7
4728	3
4729	22
4730	2
4731	8
4732	3
4733	8
4734	11
4735	12
4736	2
4737	5
4738	4
4739	21
4740	19
4741	22
4742	4
4743	2
4744	12
4745	6
4746	2
4747	22
4748	7
4749	2
4750	3
4751	2
4752	12
4753	2
4754	2
4755	4
4756	3
4757	6
4758	5
4759	16
4760	3
4761	3
4762	9
4763	6
4764	7
4765	11
4766	3
4767	8
4768	2
4769	2
4770	24
4771	3
4772	6
4773	2
4774	10
4775	4
4776	19
4777	5
4778	7
4779	3
4780	2
4781	8
4782	14
4783	8
4784	7
4785	14
4786	4
4787	17
4788	22
4789	12
4790	18
4791	2
4792	21
4793	3
4794	9
4795	16
4796	6
4797	5
4798	15
4799	22
4800	11
4801	5
4802	3
4803	2
4804	7
4805	20
4806	6
4807	2
4808	17
4809	2
4810	21
4811	14
4812	3
4813	5
4814	19
4815	4
4816	5
4817	5
4818	5
4819	4
4820	12
4821	5
4822	3
4823	14
4824	4
4825	15
4826	2
4827	7
4828	8
4829	16
4830	5
4831	15
4832	4
4833	5
4834	2
4835	9
4836	3
4837	6
4838	4
4839	15
4840	15
4841	3
4842	4
4843	4
4844	17
4845	15
4846	10
4847	22
4848	3
4849	11
4850	8
4851	10
4852	19
4853	19
4854	4
4855	4
4856	2
4857	6
4858	9
4859	2
4860	9
4861	7
4862	4
4863	7
4864	12
4865	13
4866	9
4867	5
4868	5
4869	3
4870	6
4871	5
4872	12
4873	4
4874	8
4875	2
4876	14
4877	7
4878	3
4879	15
4880	3
4881	9
4882	5
4883	12
4884	11
4885	14
4886	10
4887	3
4888	18
4889	11
4890	13
4891	13
4892	9
4893	3
4894	11
4895	8
4896	2
4897	3
4898	11
4899	3
4900	14
4901	2
4902	8
4903	2
4904	3
4905	23
4906	4
4907	11
4908	4
4909	2
4910	17
4911	4
4912	2
4913	6
4914	14
4915	5
4916	5
4917	2
4918	19
4919	2
4920	9
4921	2
4922	12
4923	2
4924	24
4925	2
4926	4
4927	2
4928	21
4929	6
4930	4
4931	7
4932	6
4933	3
4934	14
4935	4
4936	12
4937	9
4938	8
4939	14
4940	4
4941	9
4942	9
4943	17
4944	7
4945	13
4946	4
4947	3
4948	2
4949	15
4950	6
4951	2
4952	5
4953	15
4954	2
4955	16
4956	2
4957	9
4958	7
4959	3
4960	5
4961	18
4962	2
4963	7
4964	2
4965	19
4966	5
4967	12
4968	4
4969	18
4970	3
4971	7
4972	2
4973	11
4974	8
4975	11
4976	3
4977	9
4978	7
4979	2
4980	5
4981	2
4982	8
4983	3
4984	20
4985	4
4986	10
4987	2
4988	2
4989	4
4990	12
4991	3
4992	13
4993	5
4994	15
4995	2
4996	23
4997	2
4998	22
4999	3
5000	10
5001	3
5002	9
5003	2
5004	20
5005	4
5006	7
5007	4
5008	22
5009	2
5010	9
5011	20
5012	2
5013	16
5014	12
5015	18
5016	3
5017	20
5018	8
5019	18
5020	3
5021	17
5022	4
5023	13
5024	8
5025	13
5026	6
5027	19
5028	6
5029	13
5030	19
5031	4
5032	18
5033	3
5034	23
5035	4
5036	12
5037	6
5038	21
5039	3
5040	8
5041	4
5042	13
5043	4
5044	18
5045	13
5046	10
5047	6
5048	7
5049	7
5050	3
5051	3
5052	17
5053	8
5054	22
5055	4
5056	6
5057	3
5058	19
5059	4
5060	18
5061	3
5062	7
5063	5
5064	4
5065	8
5066	13
5067	6
5068	10
5069	8
5070	23
5071	6
5072	15
5073	15
5074	6
5075	3
5076	9
5077	3
5078	12
5079	2
5080	4
5081	6
5082	4
5083	11
5084	3
5085	13
5086	3
5087	3
5088	4
5089	5
5090	8
5091	2
5092	7
5093	3
5094	8
5095	3
5096	3
5097	2
5098	7
5099	2
5100	2
5101	9
5102	2
5103	3
5104	2
5105	7
5106	2
5107	2
5108	4
5109	5
5110	3
5111	12
5112	2
5113	12
5114	9
5115	11
5116	2
5117	7
5118	2
5119	9
5120	4
5121	11
5122	7
5123	7
5124	2
5125	14
5126	2
5127	10
5128	3
5129	9
5130	2
5131	10
5132	12
5133	2
5134	2
5135	5
5136	2
5137	5
5138	5
5139	6
5140	3
5141	3
5142	2
5143	7
5144	2
5145	3
5146	3
5147	5
5148	5
5149	7
5150	3
5151	6
5152	2
5153	15
5154	4
5155	10
5156	2
5157	7
5158	3
5159	4
5160	2
5161	2
5162	3
5163	4
5164	2
5165	9
5166	4
5167	18
5168	2
5169	3
5170	2
5171	3
5172	7
5173	2
5174	15
5175	4
5176	6
5177	5
5178	2
5179	3
5180	18
5181	22
5182	3
5183	11
5184	2
5185	2
5186	8
5187	2
5188	2
5189	16
5190	5
5191	11
5192	2
5193	5
5194	3
5195	4
5196	2
5197	7
5198	2
5199	17
5200	2
5201	4
5202	7
5203	2
5204	20
5205	2
5206	14
5207	2
5208	9
5209	8
5210	20
5211	4
5212	14
5213	2
5214	2
5215	2
5216	6
5217	2
5218	18
5219	20
5220	3
5221	8
5222	2
5223	8
5224	2
5225	5
5226	3
5227	6
5228	2
5229	5
5230	4
5231	15
5232	2
5233	9
5234	4
5235	7
5236	2
5237	7
5238	4
5239	4
5240	5
5241	2
5242	21
5243	3
5244	14
5245	2
5246	6
5247	23
5248	2
5249	10
5250	2
5251	7
5252	6
5253	12
5254	3
5255	12
5256	4
5257	15
5258	3
5259	2
5260	6
5261	4
5262	10
5263	2
5264	14
5265	2
5266	15
5267	2
5268	9
5269	2
5270	10
5271	3
5272	6
5273	5
5274	19
5275	3
5276	14
5277	5
5278	5
5279	8
5280	8
5281	9
5282	4
5283	13
5284	3
5285	15
5286	2
5287	5
5288	2
5289	6
5290	3
5291	12
5292	4
5293	11
5294	2
5295	8
5296	7
5297	5
5298	14
5299	5
5300	8
5301	14
5302	3
5303	3
5304	6
5305	2
5306	2
5307	12
5308	4
5309	5
5310	2
5311	3
5312	3
5313	2
5314	2
5315	4
5316	2
5317	17
5318	2
5319	8
5320	3
5321	5
5322	3
5323	7
5324	7
5325	12
5326	2
5327	20
5328	2
5329	7
5330	2
5331	12
5332	2
5333	8
5334	3
5335	12
5336	4
5337	9
5338	2
5339	11
5340	4
5341	6
5342	2
5343	10
5344	4
5345	5
5346	7
5347	7
5348	2
5349	21
5350	2
5351	2
5352	2
5353	9
5354	7
5355	14
5356	6
5357	15
5358	2
5359	18
5360	2
5361	6
5362	6
5363	4
5364	4
5365	2
5366	9
5367	2
5368	2
5369	3
5370	6
5371	2
5372	9
5373	2
5374	7
5375	2
5376	4
5377	2
5378	6
5379	9
5380	4
5381	3
5382	9
5383	5
5384	6
5385	5
5386	3
5387	2
5388	5
5389	3
5390	4
5391	3
5392	5
5393	4
5394	4
5395	2
5396	8
5397	4
5398	5
5399	6
5400	6
5401	2
5402	8
5403	2
5404	5
5405	4
5406	8
5407	4
5408	2
5409	6
5410	2
5411	5
5412	19
5413	2
5414	3
5415	7
5416	8
5417	2
5418	10
5419	4
5420	20
5421	8
5422	5
5423	2
5424	3
5425	3
5426	4
5427	2
5428	11
5429	16
5430	6
5431	3
5432	9
5433	20
5434	6
5435	2
5436	2
5437	5
5438	3
5439	7
5440	4
5441	5
5442	2
5443	13
5444	3
5445	4
5446	9
5447	10
5448	2
5449	12
5450	13
5451	7
5452	4
5453	12
5454	3
5455	17
5456	2
5457	4
5458	2
5459	16
5460	2
5461	11
5462	3
5463	15
5464	2
5465	10
5466	6
5467	20
5468	4
5469	8
5470	2
5471	17
5472	6
5473	11
5474	4
5475	9
5476	2
5477	6
5478	3
5479	7
5480	3
5481	8
5482	4
5483	17
5484	3
5485	2
5486	3
5487	9
5488	3
5489	12
5490	8
5491	14
5492	4
5493	2
5494	2
5495	4
5496	14
5497	3
5498	9
5499	4
5500	2
5501	3
5502	21
5503	3
5504	10
5505	2
5506	11
5507	6
5508	22
5509	5
5510	13
5511	4
5512	5
5513	2
5514	5
5515	4
5516	10
5517	4
5518	14
5519	5
5520	10
5521	2
5522	10
5523	2
5524	11
5525	3
5526	2
5527	4
5528	2
5529	8
5530	17
5531	2
5532	8
5533	3
5534	21
5535	8
5536	16
5537	2
5538	18
5539	2
5540	8
5541	3
5542	7
5543	4
5544	10
5545	2
5546	9
5547	3
5548	2
5549	6
5550	3
5551	2
5552	4
5553	2
5554	2
5555	2
5556	2
5557	4
5558	2
5559	2
5560	2
5561	2
5562	2
5563	5
5564	2
5565	2
5566	2
5567	5
5568	6
5569	2
5570	2
5571	5
5572	5
5573	2
5574	3
5575	3
5576	2
5577	5
5578	3
5579	2
5580	3
5581	6
5582	4
5583	2
5584	7
5585	2
5586	7
5587	3
5588	4
5589	2
5590	6
5591	2
5592	7
5593	4
5594	5
5595	2
5596	5
5597	5
5598	3
5599	5
5600	7
5601	2
5602	8
5603	2
5604	3
5605	2
5606	3
5607	12
5608	2
5609	2
5610	2
5611	11
5612	4
5613	4
5614	7
5615	2
5616	3
5617	5
5618	3
5619	13
5620	8
5621	3
5622	7
5623	9
5624	3
5625	2
5626	3
5627	4
5628	3
5629	3
5630	2
5631	2
5632	8
5633	5
5634	4
5635	3
5636	6
5637	2
5638	4
5639	2
5640	6
5641	4
5642	5
5643	2
5644	7
5645	2
5646	2
5647	3
5648	13
5649	3
5650	13
5651	2
5652	11
5653	3
5654	4
5655	2
5656	2
5657	2
5658	14
5659	2
5660	2
5661	2
5662	8
5663	2
5664	6
5665	7
5666	5
5667	3
5668	3
5669	5
5670	3
5671	7
5672	2
5673	2
5674	3
5675	5
5676	2
5677	10
5678	5
5679	11
5680	4
5681	6
5682	5
5683	9
5684	6
5685	2
5686	3
5687	14
5688	4
5689	8
5690	2
5691	2
5692	5
5693	2
5694	3
5695	2
5696	4
5697	8
5698	8
5699	3
5700	4
5701	9
5702	6
5703	3
5704	12
5705	2
5706	4
5707	2
5708	7
5709	2
5710	8
5711	2
5712	3
5713	2
5714	2
5715	2
5716	2
5717	2
5718	3
5719	5
5720	6
5721	7
5722	3
5723	2
5724	3
5725	2
5726	2
5727	5
5728	3
5729	2
5730	3
5731	8
5732	3
5733	4
5734	9
5735	10
5736	2
5737	7
5738	2
5739	2
5740	9
5741	2
5742	7
5743	3
5744	5
5745	2
5746	3
5747	8
5748	3
5749	11
5750	2
5751	9
5752	4
5753	8
5754	2
5755	8
5756	2
5757	4
5758	2
5759	3
5760	5
5761	5
5762	3
5763	7
5764	6
5765	2
5766	3
5767	5
5768	2
5769	4
5770	2
5771	5
5772	2
5773	4
5774	3
5775	5
5776	2
5777	4
5778	6
5779	8
5780	3
5781	8
5782	4
5783	5
5784	2
5785	5
5786	3
5787	5
5788	2
5789	4
5790	4
5791	2
5792	4
5793	9
5794	8
5795	11
5796	2
5797	2
5798	2
5799	5
5800	3
5801	7
5802	2
5803	7
5804	5
5805	7
5806	8
5807	4
5808	7
5809	11
5810	6
5811	2
5812	4
5813	9
5814	3
5815	6
5816	3
5817	2
5818	2
5819	3
5820	3
5821	6
5822	2
5823	3
5824	2
5825	6
5826	2
5827	2
5828	5
5829	3
5830	2
5831	2
5832	2
5833	2
5834	7
5835	2
5836	11
5837	2
5838	3
5839	2
5840	3
5841	2
5842	11
5843	4
5844	13
5845	4
5846	9
5847	5
5848	6
5849	2
5850	17
5851	6
5852	10
5853	2
5854	12
5855	2
5856	7
5857	6
5858	3
5859	2
5860	3
5861	6
5862	15
5863	4
5864	13
5865	5
5866	4
5867	2
5868	6
5869	6
5870	9
5871	5
5872	4
5873	3
5874	8
5875	3
5876	10
5877	3
5878	11
5879	2
5880	5
5881	2
5882	12
5883	4
5884	7
5885	4
5886	2
5887	3
5888	24
5889	2
5890	13
5891	2
5892	6
5893	2
5894	4
5895	6
5896	4
5897	3
5898	4
5899	3
5900	2
5901	6
5902	20
5903	2
5904	6
5905	5
5906	7
5907	2
5908	4
5909	2
5910	7
5911	5
5912	13
5913	7
5914	7
5915	6
5916	4
5917	10
5918	2
5919	13
5920	4
5921	2
5922	2
5923	2
5924	5
5925	3
5926	6
5927	8
5928	2
5929	15
5930	7
5931	18
5932	6
5933	2
5934	4
5935	11
5936	5
5937	12
5938	6
5939	5
5940	6
5941	14
5942	5
5943	16
5944	5
5945	5
5946	4
5947	5
5948	14
5949	2
5950	2
5951	5
5952	15
5953	17
5954	2
5955	12
5956	5
5957	15
5958	3
5959	2
5960	6
5961	8
5962	2
5963	16
5964	8
5965	17
5966	2
5967	4
5968	16
5969	5
5970	15
5971	4
5972	8
5973	7
5974	6
5975	2
5976	11
5977	4
5978	15
5979	3
5980	16
5981	7
5982	4
5983	2
5984	21
5985	15
5986	20
5987	3
5988	22
5989	8
5990	6
5991	2
5992	9
5993	8
5994	2
5995	2
5996	3
5997	11
5998	3
5999	21
6000	11
6001	3
6002	8
6003	4
6004	14
6005	5
6006	13
6007	4
6008	8
6009	6
6010	11
6011	3
6012	9
6013	2
6014	19
6015	2
6016	10
6017	3
6018	20
6019	3
6020	16
6021	2
6022	7
6023	6
6024	5
6025	7
6026	17
6027	3
6028	4
6029	18
6030	12
6031	2
6032	7
6033	9
6034	13
6035	4
6036	12
6037	2
6038	17
6039	5
6040	10
6041	5
6042	7
6043	2
6044	7
6045	3
6046	5
6047	2
6048	8
6049	5
6050	14
6051	2
6052	2
6053	4
6054	6
6055	5
6056	2
6057	2
6058	13
6059	14
6060	10
6061	2
6062	2
6063	2
6064	13
6065	5
6066	10
6067	3
6068	12
6069	2
6070	11
6071	7
6072	10
6073	4
6074	16
6075	5
6076	8
6077	2
6078	7
6079	3
6080	9
6081	2
6082	8
6083	2
6084	2
6085	4
6086	8
6087	4
6088	11
6089	3
6090	12
6091	5
6092	11
6093	2
6094	8
6095	4
6096	6
6097	2
6098	5
6099	2
6100	20
6101	4
6102	2
6103	2
6104	8
6105	3
6106	2
6107	3
6108	13
6109	2
6110	9
6111	3
6112	4
6113	4
6114	21
6115	5
6116	2
6117	5
6118	2
6119	7
6120	5
6121	5
6122	8
6123	3
6124	4
6125	6
6126	11
6127	2
6128	6
6129	3
6130	4
6131	2
6132	23
6133	3
6134	7
6135	2
6136	4
6137	11
6138	4
6139	4
6140	3
6141	3
6142	6
6143	13
6144	2
6145	5
6146	2
6147	8
6148	7
6149	2
6150	2
6151	13
6152	4
6153	9
6154	2
6155	9
6156	3
6157	2
6158	2
6159	10
6160	2
6161	11
6162	2
6163	6
6164	2
6165	13
6166	2
6167	13
6168	6
6169	8
6170	2
6171	5
6172	4
6173	9
6174	4
6175	10
6176	3
6177	9
6178	5
6179	8
6180	2
6181	4
6182	3
6183	3
6184	3
6185	9
6186	5
6187	16
6188	2
6189	14
6190	5
6191	3
6192	4
6193	11
6194	2
6195	14
6196	6
6197	5
6198	8
6199	19
6200	9
6201	9
6202	2
6203	13
6204	4
6205	2
6206	5
6207	19
6208	2
6209	8
6210	2
6211	2
6212	2
6213	18
6214	2
6215	14
6216	3
6217	10
6218	3
6219	6
6220	2
6221	3
6222	2
6223	12
6224	4
6225	2
6226	4
6227	19
6228	3
6229	14
6230	5
6231	5
6232	4
6233	4
6234	7
6235	9
6236	4
6237	10
6238	6
6239	7
6240	3
6241	2
6242	3
6243	13
6244	2
6245	11
6246	2
6247	5
6248	2
6249	3
6250	3
6251	17
6252	3
6253	6
6254	2
6255	6
6256	2
6257	10
6258	9
6259	9
6260	6
6261	8
6262	3
6263	3
6264	3
6265	5
6266	2
6267	3
6268	9
6269	7
6270	14
6271	2
6272	5
6273	5
6274	11
6275	2
6276	9
6277	2
6278	5
6279	3
6280	12
6281	4
6282	20
6283	2
6284	6
6285	3
6286	7
6287	5
6288	8
6289	2
6290	10
6291	4
6292	3
6293	2
6294	5
6295	2
6296	11
6297	2
6298	10
6299	3
6300	12
6301	3
6302	10
6303	2
6304	12
6305	2
6306	2
6307	2
6308	13
6309	4
6310	15
6311	3
6312	5
6313	3
6314	23
6315	2
6316	19
6317	4
6318	10
6319	2
6320	8
6321	15
6322	4
6323	3
6324	16
6325	2
6326	18
6327	2
6328	2
6329	3
6330	17
6331	2
6332	13
6333	3
6334	17
6335	7
6336	3
6337	2
6338	6
6339	2
6340	8
6341	6
6342	9
6343	5
6344	16
6345	3
6346	2
6347	2
6348	22
6349	2
6350	6
6351	4
6352	9
6353	2
6354	13
6355	3
6356	12
6357	3
6358	20
6359	8
6360	6
6361	6
6362	16
6363	3
6364	15
6365	5
6366	17
6367	2
6368	2
6369	9
6370	2
6371	3
6372	2
6373	11
6374	2
6375	2
6376	3
6377	2
6378	3
6379	7
6380	2
6381	14
6382	2
6383	7
6384	2
6385	6
6386	2
6387	21
6388	4
6389	13
6390	4
6391	17
6392	2
6393	13
6394	3
6395	6
6396	2
6397	16
6398	2
6399	5
6400	2
6401	3
6402	2
6403	9
6404	4
6405	3
6406	2
6407	9
6408	6
6409	2
6410	4
6411	4
6412	15
6413	6
6414	12
6415	5
6416	6
6417	6
6418	22
6419	6
6420	5
6421	7
6422	4
6423	3
6424	14
6425	5
6426	4
6427	3
6428	8
6429	4
6430	4
6431	19
6432	4
6433	10
6434	4
6435	7
6436	2
6437	14
6438	2
6439	5
6440	4
6441	4
6442	2
6443	6
6444	6
6445	8
6446	2
6447	2
6448	2
6449	11
6450	4
6451	20
6452	2
6453	14
6454	2
6455	21
6456	5
6457	2
6458	3
6459	8
6460	4
6461	11
6462	3
6463	6
6464	3
6465	22
6466	3
6467	14
6468	10
6469	4
6470	2
6471	2
6472	11
6473	2
6474	5
6475	6
6476	11
6477	2
6478	12
6479	3
6480	24
6481	4
6482	6
6483	2
6484	15
6485	2
6486	3
6487	2
6488	4
6489	4
6490	12
6491	2
6492	7
6493	3
6494	3
6495	4
6496	12
6497	2
6498	2
6499	2
6500	11
6501	2
6502	10
6503	2
6504	19
6505	4
6506	2
6507	4
6508	2
6509	2
6510	3
6511	2
6512	8
6513	2
6514	5
6515	2
6516	2
6517	2
6518	4
6519	2
6520	7
6521	2
6522	17
6523	2
6524	12
6525	2
6526	17
6527	2
6528	9
6529	2
6530	5
6531	2
6532	3
6533	2
6534	12
6535	2
6536	6
6537	2
6538	9
6539	2
6540	2
6541	18
6542	2
6543	6
6544	2
6545	7
6546	2
6547	2
6548	2
6549	23
6550	2
6551	17
6552	2
6553	18
6554	2
6555	2
6556	2
6557	4
6558	2
6559	7
6560	2
6561	2
6562	5
6563	2
6564	3
6565	2
6566	2
6567	2
6568	2
6569	2
6570	9
6571	2
6572	7
6573	2
6574	11
6575	2
6576	17
6577	2
6578	3
6579	2
6580	9
6581	3
6582	3
6583	2
6584	4
6585	2
6586	4
6587	2
6588	13
6589	7
6590	2
6591	3
6592	3
6593	4
6594	2
6595	5
6596	2
6597	3
6598	2
6599	6
6600	9
6601	2
6602	11
6603	2
6604	17
6605	2
6606	2
6607	2
6608	23
6609	2
6610	8
6611	2
6612	18
6613	2
6614	8
6615	2
6616	7
6617	2
6618	20
6619	3
6620	5
6621	2
6622	10
6623	15
6624	2
6625	13
6626	2
6627	22
6628	2
6629	8
6630	2
6631	8
6632	2
6633	9
6634	2
6635	5
6636	2
6637	15
6638	2
6639	5
6640	2
6641	6
6642	2
6643	18
6644	2
6645	6
6646	2
6647	10
6648	2
6649	16
6650	2
6651	18
6652	2
6653	3
6654	2
6655	25
6656	2
6657	16
6658	2
6659	5
6660	2
6661	10
6662	2
6663	5
6664	2
6665	5
6666	2
6667	3
6668	2
6669	24
6670	2
6671	12
6672	2
6673	4
6674	2
6675	6
6676	2
6677	19
6678	3
6679	10
6680	2
6681	21
6682	2
6683	12
6684	4
6685	2
6686	9
6687	2
6688	5
6689	16
6690	3
6691	3
6692	2
6693	5
6694	2
6695	3
6696	2
6697	15
6698	2
6699	14
6700	2
6701	5
6702	2
6703	4
6704	2
6705	3
6706	2
6707	17
6708	2
6709	10
6710	2
6711	4
6712	2
6713	4
6714	2
6715	11
6716	2
6717	2
6718	4
6719	3
6720	2
6721	10
6722	2
6723	2
6724	2
6725	23
6726	2
6727	6
6728	2
6729	15
6730	2
6731	3
6732	2
6733	5
6734	19
6735	2
6736	3
6737	2
6738	13
6739	2
6740	15
6741	9
6742	2
6743	11
6744	17
6745	2
6746	4
6747	2
6748	11
6749	2
6750	2
6751	2
6752	17
6753	2
6754	10
6755	2
6756	3
6757	2
6758	8
6759	2
6760	2
6761	2
6762	19
6763	2
6764	13
6765	2
6766	5
6767	2
6768	2
6769	2
6770	17
6771	2
6772	18
6773	2
6774	5
6775	2
6776	15
6777	2
6778	7
6779	2
6780	3
6781	2
6782	3
6783	2
6784	16
6785	2
6786	5
6787	2
6788	9
6789	2
6790	4
6791	2
6792	3
6793	2
6794	7
6795	2
6796	2
6797	2
6798	19
6799	2
6800	8
6801	2
6802	8
6803	2
6804	3
6805	2
6806	2
6807	2
6808	14
6809	2
6810	10
6811	2
6812	2
6813	2
6814	23
6815	3
6816	2
6817	2
6818	4
6819	2
6820	8
6821	2
6822	7
6823	2
6824	3
6825	13
6826	5
6827	13
6828	3
6829	2
6830	2
6831	8
6832	2
6833	19
6834	2
6835	14
6836	2
6837	11
6838	3
6839	15
6840	2
6841	2
6842	2
6843	8
6844	2
6845	2
6846	2
6847	9
6848	3
6849	2
6850	2
6851	12
6852	2
6853	7
6854	2
6855	9
6856	2
6857	4
6858	2
6859	4
6860	2
6861	2
6862	2
6863	9
6864	2
6865	14
6866	4
6867	5
6868	2
6869	13
6870	3
6871	5
6872	2
6873	4
6874	2
6875	2
6876	3
6877	3
6878	3
6879	7
6880	2
6881	9
6882	2
6883	11
6884	4
6885	12
6886	3
6887	5
6888	2
6889	7
6890	5
6891	4
6892	2
6893	13
6894	5
6895	3
6896	4
6897	5
6898	16
6899	3
6900	4
6901	2
6902	8
6903	2
6904	11
6905	2
6906	15
6907	2
6908	2
6909	3
6910	11
6911	2
6912	7
6913	3
6914	5
6915	5
6916	2
6917	2
6918	2
6919	4
6920	2
6921	2
6922	16
6923	2
6924	13
6925	2
6926	3
6927	2
6928	12
6929	3
6930	3
6931	2
6932	3
6933	2
6934	13
6935	3
6936	9
6937	3
6938	7
6939	14
6940	3
6941	9
6942	3
6943	3
6944	10
6945	6
6946	9
6947	3
6948	8
6949	2
6950	17
6951	2
6952	10
6953	3
6954	2
6955	3
6956	3
6957	2
6958	4
6959	3
6960	2
6961	2
6962	10
6963	2
6964	2
6965	2
6966	9
6967	2
6968	13
6969	3
6970	4
6971	2
6972	6
6973	2
6974	3
6975	2
6976	12
6977	2
6978	9
6979	2
6980	5
6981	3
6982	15
6983	2
6984	12
6985	2
6986	6
6987	2
6988	8
6989	2
6990	2
6991	2
6992	12
6993	2
6994	14
6995	2
6996	10
6997	2
6998	10
6999	2
7000	21
7001	2
7002	6
7003	3
7004	9
7005	2
7006	11
7007	3
7008	3
7009	2
7010	2
7011	2
7012	7
7013	2
7014	17
7015	2
7016	5
7017	2
7018	10
7019	4
7020	2
7021	2
7022	15
7023	3
7024	15
7025	2
7026	4
7027	2
7028	23
7029	2
7030	14
7031	2
7032	8
7033	2
7034	14
7035	2
7036	3
7037	10
7038	2
7039	2
7040	4
7041	3
7042	4
7043	10
7044	2
7045	9
7046	3
7047	9
7048	2
7049	15
7050	4
7051	5
7052	2
7053	5
7054	2
7055	3
7056	2
7057	2
7058	2
7059	6
7060	2
7061	6
7062	3
7063	3
7064	2
7065	13
7066	2
7067	6
7068	2
7069	5
7070	2
7071	2
7072	2
7073	6
7074	2
7075	9
7076	2
7077	2
7078	2
7079	2
7080	2
7081	5
7082	5
7083	2
7084	6
7085	16
7086	2
7087	10
7088	2
7089	4
7090	3
7091	3
7092	2
7093	15
7094	2
7095	12
7096	2
7097	8
7098	2
7099	16
7100	2
7101	8
7102	2
7103	3
7104	2
7105	18
7106	2
7107	3
7108	2
7109	13
7110	2
7111	14
7112	2
7113	5
7114	4
7115	3
7116	2
7117	8
7118	2
7119	6
7120	2
7121	14
7122	2
7123	7
7124	2
7125	9
7126	2
7127	9
7128	2
7129	20
7130	2
7131	3
7132	5
7133	2
7134	2
7135	3
7136	2
7137	8
7138	2
7139	6
7140	3
7141	2
7142	2
7143	4
7144	2
7145	9
7146	2
7147	6
7148	2
7149	11
7150	2
7151	3
7152	2
7153	2
7154	3
7155	14
7156	2
7157	3
7158	3
7159	7
7160	2
7161	2
7162	5
7163	3
7164	2
7165	7
7166	2
7167	4
7168	2
7169	4
7170	6
7171	2
7172	4
7173	2
7174	7
7175	5
7176	12
7177	2
7178	6
7179	2
7180	5
7181	2
7182	4
7183	3
7184	7
7185	4
7186	8
7187	2
7188	17
7189	2
7190	2
7191	2
7192	22
7193	5
7194	5
7195	3
7196	2
7197	2
7198	2
7199	2
7200	4
7201	2
7202	14
7203	2
7204	13
7205	2
7206	18
7207	3
7208	20
7209	2
7210	2
7211	2
7212	5
7213	3
7214	16
7215	2
7216	3
7217	6
7218	14
7219	2
7220	15
7221	2
7222	6
7223	3
7224	6
7225	2
7226	4
7227	2
7228	3
7229	3
7230	9
7231	2
7232	17
7233	3
7234	16
7235	5
7236	6
7237	2
7238	2
7239	4
7240	4
7241	3
7242	3
7243	2
7244	6
7245	2
7246	4
7247	18
7248	2
7249	4
7250	2
7251	3
7252	2
7253	10
7254	4
7255	6
7256	11
7257	2
7258	12
7259	5
7260	3
7261	2
7262	8
7263	2
7264	8
7265	2
7266	2
7267	5
7268	20
7269	2
7270	6
7271	2
7272	18
7273	2
7274	5
7275	2
7276	2
7277	2
7278	2
7279	4
7280	2
7281	5
7282	2
7283	3
7284	2
7285	9
7286	2
7287	4
7288	4
7289	12
7290	16
7291	15
7292	8
7293	6
7294	7
7295	2
7296	16
7297	2
7298	8
7299	10
7300	16
7301	16
7302	17
7303	6
7304	11
7305	2
7306	7
7307	8
7308	2
7309	3
7310	7
7311	3
7312	10
7313	14
7314	14
7315	2
7316	11
7317	7
7318	9
7319	7
7320	21
7321	2
7322	10
7323	16
7324	2
7325	20
7326	3
7327	8
7328	15
7329	2
7330	3
7331	15
7332	3
7333	2
7334	3
7335	13
7336	23
7337	2
7338	10
7339	3
7340	7
7341	11
7342	3
7343	6
7344	9
7345	12
7346	2
7347	21
7348	12
7349	16
7350	2
7351	15
7352	7
7353	6
7354	7
7355	11
7356	14
7357	3
7358	7
7359	15
7360	2
7361	7
7362	6
7363	11
7364	16
7365	11
7366	6
7367	8
7368	3
7369	21
7370	12
7371	21
7372	5
7373	6
7374	10
7375	11
7376	12
7377	7
7378	12
7379	4
7380	3
7381	5
7382	3
7383	2
7384	14
7385	2
7386	8
7387	4
7388	5
7389	3
7390	9
7391	6
7392	3
7393	15
7394	5
7395	10
7396	17
7397	2
7398	2
7399	16
7400	5
7401	11
7402	2
7403	3
7404	6
7405	6
7406	23
7407	2
7408	17
7409	14
7410	3
7411	10
7412	2
7413	3
7414	9
7415	16
7416	6
7417	6
7418	5
7419	7
7420	10
7421	10
7422	5
7423	5
7424	2
7425	9
7426	18
7427	16
7428	2
7429	8
7430	2
7431	14
7432	5
7433	17
7434	2
7435	9
7436	6
7437	2
7438	8
7439	3
7440	22
7441	2
7442	6
7443	3
7444	18
7445	11
7446	10
7447	14
7448	20
7449	6
7450	13
7451	10
7452	15
7453	6
7454	9
7455	15
7456	4
7457	7
7458	10
7459	13
7460	11
7461	8
7462	11
7463	8
7464	17
7465	12
7466	11
7467	4
7468	22
7469	16
7470	9
7471	12
7472	11
7473	17
7474	13
7475	4
7476	12
7477	17
7478	2
7479	2
7480	6
7481	5
7482	2
7483	2
7484	3
7485	2
7486	2
7487	2
7488	11
7489	4
7490	2
7491	2
7492	3
7493	5
7494	7
7495	5
7496	2
7497	2
7498	2
7499	3
7500	2
7501	2
7502	2
7503	3
7504	2
7505	3
7506	2
7507	2
7508	3
7509	3
7510	2
7511	2
7512	2
7513	2
7514	4
7515	2
7516	2
7517	2
7518	2
7519	4
7520	2
7521	2
7522	4
7523	4
7524	2
7525	2
7526	2
7527	2
7528	2
7529	2
7530	2
7531	3
7532	2
7533	2
7534	2
7535	3
7536	2
7537	2
7538	2
7539	5
7540	2
7541	2
7542	2
7543	3
7544	2
7545	2
7546	3
7547	2
7548	2
7549	6
7550	7
7551	2
7552	2
7553	2
7554	3
7555	3
7556	4
7557	5
7558	3
7559	2
7560	12
7561	6
7562	2
7563	2
7564	2
7565	3
7566	3
7567	2
7568	6
7569	2
7570	4
7571	2
7572	2
7573	2
7574	2
7575	2
7576	2
7577	7
7578	2
7579	2
7580	2
7581	3
7582	2
7583	4
7584	4
7585	3
7586	6
7587	7
7588	5
7589	2
7590	3
7591	4
7592	3
7593	3
7594	5
7595	2
7596	8
7597	3
7598	3
7599	2
7600	2
7601	2
7602	8
7603	4
7604	6
7605	7
7606	4
7607	3
7608	2
7609	2
7610	2
7611	3
7612	5
7613	5
7614	2
7615	2
7616	2
7617	3
7618	7
7619	4
7620	3
7621	2
7622	6
7623	7
7624	5
7625	3
7626	7
7627	3
7628	7
7629	5
7630	5
7631	6
7632	11
7633	2
7634	3
7635	2
7636	2
7637	2
7638	8
7639	2
7640	6
7641	2
7642	7
7643	9
7644	2
7645	2
7646	2
7647	6
7648	4
7649	5
7650	3
7651	2
7652	6
7653	11
7654	8
7655	3
7656	2
7657	3
7658	2
7659	7
7660	2
7661	3
7662	2
7663	2
7664	2
7665	2
7666	5
7667	10
7668	9
7669	12
7670	5
7671	2
7672	2
7673	2
7674	3
7675	2
7676	2
7677	10
7678	9
7679	4
7680	6
7681	2
7682	14
7683	17
7684	2
7685	5
7686	4
7687	13
7688	14
7689	3
7690	2
7691	8
7692	10
7693	7
7694	3
7695	2
7696	6
7697	7
7698	3
7699	4
7700	2
7701	9
7702	2
7703	2
7704	12
7705	5
7706	8
7707	11
7708	10
7709	8
7710	6
7711	2
7712	3
7713	5
7714	6
7715	2
7716	11
7717	2
7718	11
7719	2
7720	2
7721	3
7722	9
7723	2
7724	9
7725	3
7726	8
7727	2
7728	6
7729	9
7730	2
7731	4
7732	7
7733	2
7734	5
7735	11
7736	2
7737	2
7738	2
7739	4
7740	9
7741	2
7742	4
7743	10
7744	3
7745	4
7746	2
7747	2
7748	2
7749	2
7750	2
7751	2
7752	3
7753	5
7754	2
7755	2
7756	2
7757	3
7758	3
7759	14
7760	2
7761	2
7762	2
7763	5
7764	2
7765	2
7766	8
7767	6
7768	2
7769	2
7770	9
7771	5
7772	3
7773	2
7774	2
7775	2
7776	4
7777	2
7778	4
7779	2
7780	11
7781	2
7782	2
7783	9
7784	4
7785	14
7786	4
7787	2
7788	2
7789	2
7790	2
7791	2
7792	5
7793	3
7794	2
7795	2
7796	11
7797	2
7798	7
7799	4
7800	4
7801	2
7802	2
7803	3
7804	2
7805	4
7806	3
7807	3
7808	2
7809	2
7810	12
7811	7
7812	3
7813	2
7814	2
7815	3
7816	2
7817	2
7818	6
7819	13
7820	3
7821	10
7822	7
7823	2
7824	7
7825	6
7826	14
7827	2
7828	7
7829	3
7830	2
7831	2
7832	2
7833	14
7834	12
7835	9
7836	3
7837	6
7838	2
7839	7
7840	10
7841	7
7842	6
7843	3
7844	2
7845	5
7846	3
7847	3
7848	7
7849	9
7850	3
7851	2
7852	5
7853	2
7854	2
7855	3
7856	6
7857	2
7858	4
7859	2
7860	3
7861	2
7862	2
7863	2
7864	2
7865	6
7866	11
7867	2
7868	2
7869	3
7870	3
7871	2
7872	3
7873	2
7874	7
7875	8
7876	5
7877	3
7878	2
7879	2
7880	5
7881	8
7882	3
7883	4
7884	2
7885	2
7886	4
7887	7
7888	2
7889	4
7890	11
7891	5
7892	4
7893	8
7894	2
7895	2
7896	11
7897	2
7898	3
7899	7
7900	4
7901	2
7902	2
7903	6
7904	2
7905	4
7906	2
7907	7
7908	2
7909	3
7910	3
7911	4
7912	8
7913	4
7914	2
7915	2
7916	5
7917	2
7918	2
7919	2
7920	2
7921	2
7922	6
7923	4
7924	8
7925	3
7926	2
7927	3
7928	2
7929	4
7930	4
7931	11
7932	2
7933	12
7934	2
7935	11
7936	6
7937	2
7938	2
7939	2
7940	2
7941	4
7942	8
7943	2
7944	2
7945	2
7946	6
7947	2
7948	5
7949	2
7950	8
7951	2
7952	3
7953	2
7954	7
7955	5
7956	6
7957	2
7958	6
7959	4
7960	2
7961	4
7962	2
7963	3
7964	5
7965	2
7966	5
7967	4
7968	3
7969	3
7970	2
7971	11
7972	2
7973	10
7974	2
7975	18
7976	5
7977	2
7978	4
7979	2
7980	11
7981	2
7982	6
7983	15
7984	3
7985	4
7986	6
7987	2
7988	9
7989	11
7990	12
7991	3
7992	2
7993	3
7994	2
7995	3
7996	6
7997	2
7998	8
7999	2
8000	8
8001	2
8002	2
8003	3
8004	3
8005	9
8006	6
8007	11
8008	2
8009	2
8010	3
8011	2
8012	11
8013	3
8014	6
8015	2
8016	5
8017	9
8018	17
8019	3
8020	11
8021	2
8022	2
8023	2
8024	17
8025	15
8026	3
8027	5
8028	2
8029	5
8030	3
8031	5
8032	2
8033	2
8034	10
8035	4
8036	10
8037	4
8038	4
8039	3
8040	9
8041	3
8042	3
8043	3
8044	8
8045	2
8046	3
8047	11
8048	3
8049	2
8050	2
8051	2
8052	3
8053	4
8054	10
8055	5
8056	2
8057	9
8058	2
8059	6
8060	2
8061	16
8062	2
8063	2
8064	2
8065	3
8066	2
8067	2
8068	3
8069	2
8070	17
8071	2
8072	7
8073	2
8074	5
8075	6
8076	8
8077	10
8078	2
8079	6
8080	2
8081	2
8082	3
8083	9
8084	16
8085	13
8086	6
8087	3
8088	5
8089	3
8090	6
8091	3
8092	2
8093	2
8094	2
8095	2
8096	2
8097	13
8098	15
8099	4
8100	7
8101	3
8102	2
8103	12
8104	4
8105	2
8106	3
8107	9
8108	4
8109	3
8110	5
8111	6
8112	2
8113	2
8114	2
8115	2
8116	2
8117	2
8118	3
8119	2
8120	2
8121	2
8122	11
8123	2
8124	3
8125	2
8126	2
8127	2
8128	4
8129	2
8130	5
8131	6
8132	2
8133	5
8134	15
8135	2
8136	15
8137	2
8138	19
8139	7
8140	2
8141	5
8142	15
8143	7
8144	3
8145	2
8146	4
8147	12
8148	3
8149	2
8150	2
8151	10
8152	2
8153	2
8154	9
8155	2
8156	15
8157	6
8158	18
8159	6
8160	3
8161	13
8162	10
8163	3
8164	4
8165	4
8166	2
8167	13
8168	5
8169	4
8170	10
8171	2
8172	2
8173	8
8174	2
8175	9
8176	5
8177	2
8178	5
8179	3
8180	5
8181	6
8182	3
8183	3
8184	2
8185	4
8186	9
8187	5
8188	3
8189	2
8190	4
8191	3
8192	4
8193	2
8194	7
8195	3
8196	2
8197	4
8198	3
8199	2
8200	3
8201	2
8202	6
8203	2
8204	2
8205	2
8206	4
8207	4
8208	16
8209	2
8210	7
8211	2
8212	2
8213	10
8214	3
8215	3
8216	6
8217	8
8218	3
8219	3
8220	2
8221	11
8222	3
8223	4
8224	2
8225	2
8226	4
8227	2
8228	2
8229	2
8230	2
8231	2
8232	3
8233	5
8234	12
8235	12
8236	6
8237	2
8238	9
8239	3
8240	6
8241	2
8242	4
8243	2
8244	2
8245	2
8246	2
8247	4
8248	4
8249	12
8250	4
8251	11
8252	8
8253	7
8254	9
8255	18
8256	5
8257	2
8258	16
8259	10
8260	2
8261	2
8262	5
8263	15
8264	3
8265	5
8266	2
8267	5
8268	2
8269	2
8270	2
8271	4
8272	3
8273	2
8274	2
8275	2
8276	2
8277	2
8278	2
8279	5
8280	2
8281	12
8282	2
8283	6
8284	2
8285	6
8286	3
8287	2
8288	7
8289	14
8290	2
8291	5
8292	2
8293	5
8294	2
8295	7
8296	6
8297	4
8298	5
8299	2
8300	2
8301	5
8302	10
8303	2
8304	8
8305	4
8306	9
8307	2
8308	8
8309	2
8310	2
8311	3
8312	13
8313	2
8314	2
8315	2
8316	2
8317	7
8318	6
8319	6
8320	2
8321	2
8322	4
8323	6
8324	6
8325	6
8326	4
8327	3
8328	4
8329	3
8330	3
8331	2
8332	12
8333	2
8334	4
8335	3
8336	2
8337	19
8338	7
8339	2
8340	2
8341	10
8342	4
8343	6
8344	6
8345	12
8346	14
8347	8
8348	2
8349	14
8350	2
8351	2
8352	2
8353	2
8354	2
8355	10
8356	2
8357	11
8358	3
8359	11
8360	10
8361	6
8362	2
8363	3
8364	2
8365	9
8366	2
8367	9
8368	3
8369	2
8370	2
8371	5
8372	14
8373	2
8374	11
8375	6
8376	5
8377	3
8378	8
8379	2
8380	2
8381	2
8382	5
8383	3
8384	2
8385	12
8386	7
8387	2
8388	4
8389	2
8390	10
8391	7
8392	8
8393	2
8394	4
8395	3
8396	3
8397	2
8398	2
8399	10
8400	4
8401	9
8402	4
8403	3
8404	2
8405	9
8406	2
8407	4
8408	4
8409	3
8410	4
8411	4
8412	2
8413	5
8414	2
8415	9
8416	2
8417	11
8418	2
8419	12
8420	2
8421	7
8422	15
8423	8
8424	3
8425	13
8426	3
8427	2
8428	2
8429	3
8430	9
8431	12
8432	3
8433	8
8434	6
8435	8
8436	3
8437	2
8438	4
8439	7
8440	8
8441	3
8442	2
8443	2
8444	5
8445	8
8446	2
8447	13
8448	2
8449	3
8450	3
8451	2
8452	2
8453	3
8454	4
8455	15
8456	7
8457	2
8458	6
8459	2
8460	7
8461	3
8462	3
8463	7
8464	2
8465	18
8466	5
8467	10
8468	3
8469	3
8470	2
8471	7
8472	8
8473	3
8474	2
8475	2
8476	5
8477	14
8478	6
8479	15
8480	3
8481	4
8482	2
8483	7
8484	2
8485	5
8486	6
8487	4
8488	2
8489	3
8490	5
8491	4
8492	2
8493	4
8494	3
8495	6
8496	6
8497	4
8498	6
8499	2
8500	4
8501	4
8502	5
8503	4
8504	3
8505	6
8506	6
8507	5
8508	2
8509	2
8510	4
8511	2
8512	4
8513	8
8514	4
8515	9
8516	2
8517	4
8518	3
8519	4
8520	14
8521	4
8522	2
8523	3
8524	2
8525	3
8526	5
8527	2
8528	2
8529	3
8530	2
8531	2
8532	16
8533	2
8534	7
8535	4
8536	8
8537	10
8538	2
8539	2
8540	2
8541	3
8542	3
8543	4
8544	2
8545	14
8546	3
8547	2
8548	3
8549	3
8550	3
8551	4
8552	4
8553	12
8554	3
8555	5
8556	2
8557	6
8558	7
8559	4
8560	5
8561	2
8562	8
8563	3
8564	7
8565	2
8566	2
8567	3
8568	4
8569	2
8570	8
8571	3
8572	4
8573	5
8574	6
8575	6
8576	10
8577	4
8578	4
8579	4
8580	3
8581	4
8582	2
8583	4
8584	19
8585	2
8586	5
8587	2
8588	2
8589	2
8590	5
8591	2
8592	2
8593	2
8594	8
8595	3
8596	3
8597	4
8598	3
8599	2
8600	4
8601	2
8602	6
8603	2
8604	2
8605	4
8606	9
8607	2
8608	2
8609	4
8610	7
8611	2
8612	3
8613	2
8614	2
8615	2
8616	4
8617	2
8618	3
8619	5
8620	2
8621	4
8622	2
8623	2
8624	11
8625	2
8626	16
8627	2
8628	4
8629	2
8630	2
8631	8
8632	2
8633	4
8634	2
8635	2
8636	3
8637	2
8638	2
8639	4
8640	3
8641	2
8642	2
8643	2
8644	11
8645	3
8646	15
8647	3
8648	2
8649	2
8650	4
8651	6
8652	4
8653	5
8654	12
8655	3
8656	5
8657	2
8658	4
8659	2
8660	2
8661	6
8662	5
8663	2
8664	2
8665	2
8666	2
8667	2
8668	12
8669	6
8670	2
8671	14
8672	5
8673	4
8674	2
8675	2
8676	4
8677	2
8678	2
8679	7
8680	2
8681	6
8682	2
8683	4
8684	2
8685	3
8686	11
8687	2
8688	2
8689	3
8690	3
8691	2
8692	4
8693	2
8694	9
8695	3
8696	2
8697	2
8698	3
8699	2
8700	4
8701	6
8702	11
8703	13
8704	6
8705	4
8706	6
8707	3
8708	2
8709	5
8710	2
8711	2
8712	2
8713	2
8714	2
8715	5
8716	2
8717	2
8718	3
8719	2
8720	2
8721	2
8722	8
8723	3
8724	2
8725	7
8726	2
8727	5
8728	2
8729	3
8730	3
8731	8
8732	6
8733	2
8734	2
8735	5
8736	13
8737	5
8738	5
8739	8
8740	5
8741	6
8742	2
8743	3
8744	2
8745	5
8746	4
8747	4
8748	2
8749	3
8750	5
8751	7
8752	2
8753	2
8754	2
8755	2
8756	2
8757	5
8758	3
8759	2
8760	4
8761	2
8762	2
8763	2
8764	5
8765	4
8766	8
8767	6
8768	2
8769	3
8770	10
8771	3
8772	11
8773	4
8774	10
8775	2
8776	5
8777	3
8778	3
8779	7
8780	6
8781	2
8782	2
8783	2
8784	2
8785	2
8786	8
8787	2
8788	2
8789	14
8790	2
8791	3
8792	10
8793	13
8794	2
8795	7
8796	7
8797	5
8798	11
8799	2
8800	10
8801	13
8802	3
8803	4
8804	13
8805	3
8806	18
8807	5
8808	4
8809	17
8810	2
8811	2
8812	5
8813	2
8814	2
8815	7
8816	2
8817	7
8818	2
8819	4
8820	2
8821	10
8822	3
8823	5
8824	2
8825	9
8826	11
8827	4
8828	6
8829	2
8830	9
8831	2
8832	12
8833	3
8834	2
8835	5
8836	4
8837	6
8838	4
8839	2
8840	3
8841	8
8842	6
8843	12
8844	3
8845	12
8846	2
8847	11
8848	12
8849	14
8850	4
8851	2
8852	2
8853	4
8854	2
8855	6
8856	2
8857	2
8858	14
8859	2
8860	5
8861	2
8862	10
8863	5
8864	11
8865	10
8866	3
8867	3
8868	2
8869	4
8870	2
8871	4
8872	4
8873	4
8874	6
8875	2
8876	3
8877	2
8878	3
8879	8
8880	3
8881	2
8882	2
8883	2
8884	3
8885	3
8886	5
8887	4
8888	5
8889	2
8890	13
8891	11
8892	9
8893	2
8894	2
8895	4
8896	13
8897	11
8898	11
8899	7
8900	4
8901	2
8902	2
8903	5
8904	4
8905	7
8906	7
8907	2
8908	2
8909	15
8910	3
8911	2
8912	13
8913	2
8914	2
8915	5
8916	3
8917	3
8918	2
8919	2
8920	12
8921	6
8922	7
8923	4
8924	2
8925	12
8926	4
8927	6
8928	2
8929	10
8930	12
8931	2
8932	3
8933	4
8934	2
8935	11
8936	4
8937	8
8938	2
8939	3
8940	2
8941	2
8942	2
8943	2
8944	2
8945	14
8946	2
8947	2
8948	3
8949	6
8950	5
8951	4
8952	4
8953	2
8954	2
8955	2
8956	2
8957	2
8958	3
8959	4
8960	2
8961	2
8962	3
8963	2
8964	4
8965	4
8966	3
8967	8
8968	2
8969	2
8970	6
8971	2
8972	3
8973	13
8974	2
8975	9
8976	2
8977	4
8978	5
8979	5
8980	9
8981	3
8982	3
8983	2
8984	12
8985	6
8986	2
8987	3
8988	3
8989	4
8990	5
8991	9
8992	5
8993	2
8994	2
8995	3
8996	2
8997	2
8998	4
8999	3
9000	2
9001	5
9002	8
9003	3
9004	2
9005	5
9006	6
9007	2
9008	4
9009	2
9010	2
9011	4
9012	7
9013	7
9014	3
9015	3
9016	4
9017	2
9018	3
9019	2
9020	7
9021	3
9022	2
9023	2
9024	2
9025	4
9026	5
9027	2
9028	8
9029	2
9030	4
9031	2
9032	3
9033	7
9034	8
9035	2
9036	2
9037	5
9038	3
9039	2
9040	4
9041	11
9042	2
9043	2
9044	9
9045	7
9046	8
9047	2
9048	4
9049	3
9050	2
9051	6
9052	2
9053	2
9054	2
9055	2
9056	2
9057	3
9058	3
9059	2
9060	2
9061	3
9062	4
9063	2
9064	8
9065	5
9066	7
9067	2
9068	2
9069	8
9070	2
9071	2
9072	5
9073	5
9074	4
9075	2
9076	2
9077	6
9078	3
9079	2
9080	3
9081	5
9082	7
9083	3
9084	2
9085	3
9086	2
9087	3
9088	2
9089	2
9090	10
9091	2
9092	3
9093	6
9094	9
9095	2
9096	3
9097	3
9098	4
9099	2
9100	2
9101	2
9102	4
9103	3
9104	2
9105	2
9106	11
9107	2
9108	2
9109	7
9110	3
9111	3
9112	2
9113	2
9114	3
9115	2
9116	2
9117	7
9118	7
9119	5
9120	5
9121	2
9122	2
9123	2
9124	7
9125	9
9126	6
9127	5
9128	2
9129	3
9130	9
9131	4
9132	5
9133	7
9134	13
9135	3
9136	7
9137	2
9138	2
9139	3
9140	3
9141	11
9142	2
9143	2
9144	2
9145	2
9146	2
9147	2
9148	3
9149	10
9150	4
9151	8
9152	4
9153	6
9154	2
9155	2
9156	4
9157	2
9158	11
9159	3
9160	2
9161	3
9162	9
9163	2
9164	4
9165	8
9166	2
9167	2
9168	3
9169	3
9170	2
9171	7
9172	2
9173	8
9174	3
9175	5
9176	3
9177	3
9178	2
9179	2
9180	2
9181	2
9182	7
9183	12
9184	4
9185	2
9186	3
9187	8
9188	2
9189	2
9190	2
9191	2
9192	11
9193	2
9194	2
9195	4
9196	2
9197	4
9198	5
9199	2
9200	2
9201	6
9202	4
9203	4
9204	14
9205	4
9206	2
9207	4
9208	2
9209	2
9210	12
9211	2
9212	3
9213	7
9214	2
9215	9
9216	8
9217	4
9218	3
9219	2
9220	2
9221	2
9222	2
9223	2
9224	4
9225	4
9226	2
9227	2
9228	2
9229	2
9230	6
9231	3
9232	6
9233	2
9234	3
9235	3
9236	2
9237	7
9238	3
9239	6
9240	4
9241	6
9242	5
9243	2
9244	13
9245	6
9246	2
9247	2
9248	6
9249	2
9250	3
9251	2
9252	6
9253	2
9254	3
9255	2
9256	5
9257	9
9258	2
9259	2
9260	2
9261	4
9262	2
9263	3
9264	4
9265	8
9266	6
9267	3
9268	2
9269	2
9270	2
9271	2
9272	11
9273	2
9274	4
9275	3
9276	2
9277	2
9278	2
9279	3
9280	4
9281	4
9282	2
9283	2
9284	2
9285	2
9286	5
9287	3
9288	2
9289	4
9290	2
9291	3
9292	5
9293	3
9294	2
9295	2
9296	3
9297	2
9298	12
9299	2
9300	3
9301	2
9302	5
9303	2
9304	3
9305	2
9306	7
9307	2
9308	2
9309	4
9310	4
9311	7
9312	3
9313	2
9314	4
9315	4
9316	4
9317	2
9318	3
9319	2
9320	2
9321	2
9322	2
9323	10
9324	2
9325	4
9326	9
9327	2
9328	3
9329	2
9330	2
9331	2
9332	4
9333	2
9334	2
9335	2
9336	2
9337	2
9338	10
9339	8
9340	3
9341	2
9342	3
9343	2
9344	2
9345	2
9346	6
9347	4
9348	5
9349	4
9350	2
9351	12
9352	4
9353	8
9354	2
9355	2
9356	3
9357	2
9358	3
9359	5
9360	11
9361	2
9362	4
9363	2
9364	2
9365	2
9366	4
9367	4
9368	2
9369	3
9370	14
9371	3
9372	2
9373	3
9374	2
9375	2
9376	2
9377	7
9378	3
9379	7
9380	2
9381	2
9382	2
9383	2
9384	2
9385	5
9386	2
9387	2
9388	2
9389	3
9390	2
9391	2
9392	2
9393	2
9394	2
9395	2
9396	4
9397	2
9398	2
9399	3
9400	2
9401	2
9402	2
9403	2
9404	7
9405	4
9406	3
9407	2
9408	2
9409	2
9410	2
9411	2
9412	2
9413	2
9414	2
9415	2
9416	2
9417	2
9418	2
9419	2
9420	2
9421	2
9422	6
9423	3
9424	4
9425	4
9426	9
9427	5
9428	2
9429	2
9430	2
9431	2
9432	2
9433	2
9434	5
9435	3
9436	10
9437	2
9438	3
9439	3
9440	5
9441	2
9442	4
9443	7
9444	2
9445	10
9446	2
9447	2
9448	10
9449	2
9450	5
9451	2
9452	16
9453	2
9454	4
9455	4
9456	2
9457	5
9458	3
9459	5
9460	2
9461	4
9462	4
9463	4
9464	2
9465	2
9466	2
9467	6
9468	4
9469	5
9470	2
9471	2
9472	3
9473	4
9474	2
9475	2
9476	2
9477	4
9478	2
9479	2
9480	6
9481	2
9482	2
9483	3
9484	2
9485	2
9486	2
9487	2
9488	3
9489	2
9490	2
9491	2
9492	2
9493	2
9494	2
9495	2
9496	2
9497	2
9498	8
9499	2
9500	2
9501	2
9502	4
9503	2
9504	4
9505	2
9506	2
9507	4
9508	4
9509	2
9510	2
9511	2
9512	2
9513	2
9514	2
9515	2
9516	6
9517	2
9518	2
9519	5
9520	2
9521	4
9522	3
9523	2
9524	2
9525	3
9526	2
9527	2
9528	3
9529	2
9530	5
9531	7
9532	12
9533	3
9534	2
9535	2
9536	2
9537	2
9538	4
9539	2
9540	2
9541	4
9542	3
9543	3
9544	2
9545	2
9546	4
9547	2
9548	3
9549	3
9550	9
9551	4
9552	2
9553	3
9554	2
9555	2
9556	10
9557	2
9558	2
9559	6
9560	4
9561	2
9562	7
9563	5
9564	6
9565	2
9566	2
9567	2
9568	2
9569	2
9570	2
9571	2
9572	5
9573	8
9574	2
9575	2
9576	2
9577	2
9578	8
9579	7
9580	2
9581	3
9582	13
9583	4
9584	9
9585	9
9586	9
9587	3
9588	2
9589	2
9590	5
9591	2
9592	2
9593	5
9594	3
9595	2
9596	3
9597	7
9598	2
9599	4
9600	3
9601	2
9602	4
9603	2
9604	2
9605	4
9606	3
9607	4
9608	2
9609	2
9610	2
9611	3
9612	2
9613	3
9614	2
9615	2
9616	2
9617	4
9618	6
9619	2
9620	3
9621	8
9622	2
9623	3
9624	2
9625	3
9626	5
9627	2
9628	4
9629	2
9630	4
9631	5
9632	4
9633	2
9634	2
9635	4
9636	2
9637	2
9638	2
9639	3
9640	2
9641	10
9642	2
9643	4
9644	3
9645	4
9646	2
9647	9
9648	2
9649	2
9650	2
9651	6
9652	3
9653	2
9654	2
9655	2
9656	2
9657	3
9658	4
9659	4
9660	7
9661	6
9662	6
9663	6
9664	5
9665	3
9666	4
9667	7
9668	2
9669	5
9670	3
9671	3
9672	3
9673	2
9674	3
9675	2
9676	6
9677	8
9678	3
9679	2
9680	6
9681	2
9682	2
9683	4
9684	2
9685	2
9686	3
9687	2
9688	2
9689	2
9690	3
9691	3
9692	3
9693	3
9694	2
9695	2
9696	2
9697	2
9698	2
9699	10
9700	3
9701	2
9702	6
9703	2
9704	3
9705	6
9706	2
9707	2
9708	2
9709	2
9710	2
9711	2
9712	2
9713	2
9714	2
9715	5
9716	2
9717	2
9718	3
9719	2
9720	5
9721	2
9722	2
9723	2
9724	3
9725	2
9726	2
9727	2
9728	3
9729	7
9730	13
9731	2
9732	3
9733	2
9734	2
9735	2
9736	2
9737	2
9738	2
9739	3
9740	2
9741	3
9742	3
9743	2
9744	2
9745	2
9746	2
9747	4
9748	2
9749	3
9750	2
9751	2
9752	2
9753	2
9754	2
9755	2
9756	2
9757	2
9758	2
9759	5
9760	2
9761	6
9762	2
9763	2
9764	2
9765	2
9766	4
9767	4
9768	2
9769	2
9770	2
9771	2
9772	2
9773	2
9774	2
9775	2
9776	2
9777	2
9778	3
9779	2
9780	2
9781	2
9782	2
9783	2
9784	2
9785	2
9786	2
9787	2
9788	2
9789	2
9790	7
9791	2
9792	2
9793	2
9794	2
9795	2
9796	2
9797	2
9798	2
9799	3
9800	2
9801	2
9802	2
9803	2
9804	2
9805	2
9806	2
9807	2
9808	2
9809	2
9810	2
9811	2
9812	2
9813	2
9814	6
9815	2
9816	2
9817	2
9818	2
9819	2
9820	2
9821	2
9822	2
9823	3
9824	2
9825	2
9826	2
9827	2
9828	2
9829	4
9830	2
9831	2
9832	2
9833	3
9834	3
9835	3
9836	2
9837	2
9838	3
9839	2
9840	2
9841	2
9842	2
9843	2
9844	2
9845	2
9846	2
9847	2
9848	2
9849	2
9850	2
9851	2
9852	2
9853	2
9854	3
9855	2
9856	2
9857	2
9858	2
9859	2
9860	2
9861	5
9862	2
9863	3
9864	2
9865	3
9866	2
9867	3
9868	2
9869	2
9870	2
9871	2
9872	2
9873	3
9874	2
9875	5
9876	2
9877	2
9878	2
9879	2
9880	2
9881	3
9882	2
9883	2
9884	2
9885	3
9886	2
9887	4
9888	2
9889	3
9890	2
9891	2
9892	2
9893	2
9894	3
9895	7
9896	2
9897	3
9898	2
9899	3
9900	2
9901	2
9902	2
9903	2
9904	5
9905	2
9906	2
9907	2
9908	3
9909	2
9910	3
9911	2
9912	2
9913	3
9914	3
9915	3
9916	5
9917	2
9918	2
9919	6
9920	2
9921	2
9922	2
9923	2
9924	2
9925	3
9926	3
9927	3
9928	3
9929	3
9930	2
9931	7
9932	3
9933	3
9934	2
9935	3
9936	4
9937	4
9938	4
9939	3
9940	2
9941	2
9942	2
9943	3
9944	3
9945	3
9946	3
9947	2
9948	2
9949	2
9950	4
9951	5
9952	2
9953	4
9954	2
9955	5
9956	3
9957	5
9958	3
9959	3
9960	3
9961	3
9962	4
9963	2
9964	2
9965	2
9966	2
9967	2
9968	5
9969	2
9970	2
9971	2
9972	2
9973	2
9974	2
9975	2
9976	3
9977	2
9978	2
9979	2
9980	2
9981	3
9982	4
9983	6
9984	3
9985	3
9986	2
9987	2
9988	2
9989	3
9990	3
9991	5
9992	2
9993	3
9994	5
9995	2
9996	2
9997	2
9998	2
9999	2
10000	5
10001	3
10002	2
10003	6
10004	3
10005	2
10006	6
10007	2
10008	3
10009	8
10010	2
10011	2
10012	4
10013	2
10014	3
10015	5
10016	2
10017	3
10018	2
10019	5
10020	2
10021	4
10022	3
10023	4
10024	3
10025	2
10026	3
10027	7
10028	6
10029	8
10030	4
10031	2
10032	4
10033	6
10034	2
10035	2
10036	2
10037	2
10038	2
10039	5
10040	6
10041	4
10042	5
10043	5
10044	3
10045	2
10046	3
10047	8
10048	2
10049	4
10050	2
10051	7
10052	2
10053	2
10054	5
10055	5
10056	2
10057	3
10058	7
10059	4
10060	2
10061	4
10062	2
10063	2
10064	2
10065	2
10066	8
10067	2
10068	8
10069	2
10070	2
10071	2
10072	2
10073	3
10074	4
10075	2
10076	2
10077	6
10078	2
10079	3
10080	2
10081	2
10082	2
10083	2
10084	2
10085	2
10086	2
10087	7
10088	2
10089	7
10090	2
10091	4
10092	3
10093	2
10094	4
10095	2
10096	2
10097	2
10098	2
10099	6
10100	6
10101	2
10102	7
10103	4
10104	5
10105	2
10106	3
10107	2
10108	2
10109	2
10110	2
10111	2
10112	2
10113	3
10114	4
10115	3
10116	7
10117	3
10118	8
10119	2
10120	2
10121	2
10122	3
10123	3
10124	2
10125	3
10126	7
10127	2
10128	7
10129	2
10130	3
10131	2
10132	2
10133	2
10134	2
10135	2
10136	2
10137	2
10138	3
10139	5
10140	4
10141	2
10142	3
10143	3
10144	8
10145	2
10146	4
10147	6
10148	3
10149	4
10150	2
10151	2
10152	4
10153	2
10154	4
10155	2
10156	9
10157	3
10158	7
10159	2
10160	2
10161	2
10162	4
10163	2
10164	2
10165	2
10166	3
10167	7
10168	2
10169	3
10170	5
10171	2
10172	2
10173	2
10174	2
10175	2
10176	2
10177	2
10178	2
10179	4
10180	2
10181	2
10182	2
10183	3
10184	2
10185	2
10186	2
10187	11
10188	6
10189	8
10190	2
10191	2
10192	2
10193	2
10194	8
10195	5
10196	6
10197	5
10198	3
10199	3
10200	2
10201	2
10202	5
10203	2
10204	10
10205	5
10206	3
10207	6
10208	2
10209	2
10210	3
10211	2
10212	2
10213	3
10214	3
10215	3
10216	8
10217	2
10218	2
10219	3
10220	5
10221	2
10222	3
10223	2
10224	7
10225	11
10226	4
10227	9
10228	3
10229	5
10230	2
10231	2
10232	2
10233	4
10234	5
10235	2
10236	2
10237	4
10238	2
10239	2
10240	3
10241	3
10242	2
10243	2
10244	5
10245	2
10246	4
10247	3
10248	2
10249	3
10250	2
10251	8
10252	2
10253	3
10254	3
10255	2
10256	8
10257	5
10258	3
10259	3
10260	2
10261	4
10262	2
10263	6
10264	4
10265	7
10266	2
10267	2
10268	11
10269	4
10270	2
10271	8
10272	2
10273	2
10274	3
10275	2
10276	4
10277	2
10278	3
10279	2
10280	8
10281	6
10282	3
10283	7
10284	2
10285	2
10286	6
10287	8
10288	3
10289	2
10290	2
10291	2
10292	3
10293	2
10294	2
10295	2
10296	3
10297	2
10298	3
10299	2
10300	2
10301	4
10302	2
10303	2
10304	3
10305	2
10306	6
10307	3
10308	2
10309	6
10310	2
10311	3
10312	2
10313	2
10314	2
10315	2
10316	3
10317	3
10318	2
10319	3
10320	3
10321	2
10322	5
10323	2
10324	3
10325	2
10326	2
10327	2
10328	2
10329	2
10330	2
10331	2
10332	3
10333	5
10334	4
10335	3
10336	3
10337	3
10338	2
10339	13
10340	2
10341	2
10342	2
10343	2
10344	4
10345	2
10346	2
10347	7
10348	3
10349	6
10350	2
10351	3
10352	2
10353	2
10354	2
10355	2
10356	3
10357	2
10358	4
10359	2
10360	2
10361	2
10362	3
10363	4
10364	4
10365	2
10366	2
10367	8
10368	2
10369	8
10370	4
10371	7
10372	4
10373	3
10374	4
10375	2
10376	2
10377	8
10378	2
10379	2
10380	3
10381	6
10382	3
10383	4
10384	2
10385	5
10386	5
10387	2
10388	4
10389	3
10390	3
10391	2
10392	2
10393	2
10394	3
10395	3
10396	5
10397	2
10398	4
10399	6
10400	7
10401	2
10402	7
10403	4
10404	2
10405	2
10406	2
10407	2
10408	4
10409	2
10410	2
10411	8
10412	5
10413	12
10414	6
10415	4
10416	2
10417	4
10418	4
10419	2
10420	6
10421	3
10422	3
10423	2
10424	6
10425	2
10426	3
10427	6
10428	3
10429	3
10430	4
10431	2
10432	3
10433	4
10434	2
10435	2
10436	3
10437	2
10438	2
10439	2
10440	2
10441	2
10442	10
10443	2
10444	5
10445	5
10446	3
10447	2
10448	2
10449	2
10450	3
10451	5
10452	3
10453	3
10454	2
10455	2
10456	4
10457	2
10458	2
10459	3
10460	5
10461	5
10462	3
10463	3
10464	3
10465	2
10466	2
10467	2
10468	2
10469	4
10470	2
10471	2
10472	2
10473	2
10474	2
10475	2
10476	5
10477	3
10478	2
10479	5
10480	7
10481	2
10482	4
10483	2
10484	3
10485	3
10486	2
10487	2
10488	2
10489	4
10490	6
10491	3
10492	2
10493	2
10494	4
10495	2
10496	2
10497	2
10498	8
10499	2
10500	5
10501	4
10502	9
10503	7
10504	4
10505	2
10506	3
10507	8
10508	2
10509	2
10510	2
10511	2
10512	3
10513	4
10514	2
10515	2
10516	6
10517	3
10518	2
10519	2
10520	2
10521	4
10522	7
10523	3
10524	4
10525	2
10526	2
10527	3
10528	2
10529	2
10530	2
10531	5
10532	3
10533	5
10534	8
10535	2
10536	5
10537	2
10538	3
10539	3
10540	3
10541	3
10542	2
10543	5
10544	2
10545	6
10546	4
10547	5
10548	5
10549	7
10550	10
10551	2
10552	5
10553	12
10554	4
10555	2
10556	2
10557	2
10558	4
10559	2
10560	2
10561	3
10562	2
10563	3
10564	9
10565	4
10566	6
10567	7
10568	3
10569	2
10570	6
10571	2
10572	4
10573	3
10574	4
10575	5
10576	3
10577	2
10578	2
10579	7
10580	3
10581	7
10582	2
10583	3
10584	2
10585	3
10586	5
10587	2
10588	2
10589	2
10590	4
10591	2
10592	2
10593	2
10594	2
10595	2
10596	3
10597	9
10598	2
10599	5
10600	5
10601	5
10602	2
10603	2
10604	2
10605	4
10606	3
10607	2
10608	2
10609	4
10610	3
10611	6
10612	2
10613	4
10614	3
10615	3
10616	2
10617	3
10618	3
10619	4
10620	4
10621	2
10622	8
10623	2
10624	3
10625	6
10626	2
10627	2
10628	2
10629	3
10630	2
10631	2
10632	4
10633	3
10634	6
10635	4
10636	2
10637	5
10638	3
10639	2
10640	8
10641	3
10642	3
10643	5
10644	9
10645	7
10646	3
10647	2
10648	5
10649	3
10650	7
10651	2
10652	9
10653	3
10654	5
10655	2
10656	4
10657	7
10658	3
10659	6
10660	3
10661	2
10662	2
10663	9
10664	2
10665	2
10666	6
10667	2
10668	4
10669	6
10670	10
10671	2
10672	2
10673	2
10674	6
10675	2
10676	2
10677	2
10678	3
10679	9
10680	2
10681	2
10682	3
10683	5
10684	4
10685	2
10686	2
10687	4
10688	10
10689	4
10690	2
10691	2
10692	2
10693	2
10694	5
10695	2
10696	2
10697	2
10698	3
10699	4
10700	3
10701	2
10702	3
10703	3
10704	2
10705	3
10706	2
10707	5
10708	2
10709	12
10710	6
10711	2
10712	4
10713	7
10714	2
10715	8
10716	2
10717	5
10718	2
10719	4
10720	2
10721	2
10722	3
10723	4
10724	2
10725	3
10726	2
10727	3
10728	4
10729	2
10730	2
10731	4
10732	2
10733	2
10734	2
10735	7
10736	2
10737	3
10738	13
10739	2
10740	2
10741	4
10742	4
10743	2
10744	11
10745	2
10746	2
10747	3
10748	5
10749	5
10750	6
10751	4
10752	3
10753	3
10754	2
10755	4
10756	3
10757	3
10758	3
10759	13
10760	5
10761	11
10762	6
10763	2
10764	2
10765	4
10766	2
10767	3
10768	3
10769	7
10770	6
10771	3
10772	5
10773	2
10774	2
10775	3
10776	3
10777	2
10778	3
10779	2
10780	7
10781	2
10782	5
10783	2
10784	2
10785	4
10786	8
10787	2
10788	3
10789	8
10790	2
10791	4
10792	5
10793	3
10794	3
10795	4
10796	2
10797	2
10798	5
10799	7
10800	3
10801	3
10802	2
10803	3
10804	3
10805	2
10806	3
10807	6
10808	3
10809	2
10810	4
10811	5
10812	3
10813	5
10814	2
10815	3
10816	5
10817	4
10818	3
10819	6
10820	4
10821	9
10822	4
10823	2
10824	6
10825	11
10826	2
10827	2
10828	2
10829	5
10830	15
10831	2
10832	2
10833	2
10834	2
10835	2
10836	9
10837	3
10838	2
10839	3
10840	3
10841	2
10842	2
10843	3
10844	2
10845	2
10846	3
10847	2
10848	4
10849	2
10850	3
10851	2
10852	3
10853	2
10854	3
10855	2
10856	2
10857	6
10858	6
10859	2
10860	3
10861	3
10862	6
10863	4
10864	3
10865	5
10866	2
10867	2
10868	2
10869	3
10870	2
10871	6
10872	3
10873	2
10874	2
10875	4
10876	3
10877	2
10878	4
10879	5
10880	6
10881	3
10882	2
10883	2
10884	2
10885	2
10886	2
10887	2
10888	2
10889	2
10890	2
10891	2
10892	3
10893	8
10894	3
10895	3
10896	6
10897	3
10898	2
10899	4
10900	6
10901	2
10902	2
10903	2
10904	3
10905	4
10906	4
10907	2
10908	6
10909	2
10910	6
10911	3
10912	2
10913	3
10914	9
10915	3
10916	2
10917	2
10918	4
10919	6
10920	7
10921	2
10922	3
10923	6
10924	3
10925	3
10926	2
10927	2
10928	5
10929	3
10930	2
10931	2
10932	2
10933	3
10934	2
10935	2
10936	2
10937	5
10938	4
10939	5
10940	2
10941	2
10942	3
10943	4
10944	2
10945	2
10946	4
10947	2
10948	3
10949	2
10950	3
10951	2
10952	2
10953	4
10954	6
10955	2
10956	3
10957	6
10958	8
10959	2
10960	3
10961	2
10962	3
10963	9
10964	3
10965	2
10966	8
10967	3
10968	2
10969	2
10970	2
10971	2
10972	3
10973	2
10974	2
10975	3
10976	2
10977	6
10978	2
10979	2
10980	2
10981	2
10982	3
10983	2
10984	5
10985	2
10986	2
10987	4
10988	4
10989	8
10990	2
10991	2
10992	6
10993	2
10994	3
10995	3
10996	2
10997	11
10998	5
10999	2
11000	5
11001	2
11002	3
11003	2
11004	3
11005	7
11006	3
11007	2
11008	2
11009	2
11010	6
11011	2
11012	4
11013	2
11014	2
11015	3
11016	2
11017	3
11018	3
11019	2
11020	2
11021	2
11022	2
11023	4
11024	5
11025	2
11026	9
11027	3
11028	5
11029	2
11030	5
11031	2
11032	2
11033	3
11034	3
11035	2
11036	2
11037	2
11038	2
11039	2
11040	2
11041	2
11042	2
11043	2
11044	2
11045	2
11046	2
11047	2
11048	2
11049	2
11050	2
11051	5
11052	2
11053	2
11054	2
11055	2
11056	2
11057	2
11058	2
11059	2
11060	2
11061	2
11062	2
11063	2
11064	2
11065	2
11066	2
11067	3
11068	2
11069	2
11070	2
11071	2
11072	3
11073	2
11074	2
11075	2
11076	5
11077	3
11078	2
11079	5
11080	2
11081	3
11082	3
11083	2
11084	2
11085	2
11086	2
11087	2
11088	3
11089	2
11090	3
11091	2
11092	4
11093	3
11094	2
11095	4
11096	3
11097	2
11098	2
11099	2
11100	2
11101	2
11102	2
11103	2
11104	2
11105	2
11106	2
11107	2
11108	3
11109	4
11110	2
11111	2
11112	2
11113	3
11114	2
11115	2
11116	2
11117	2
11118	2
11119	3
11120	2
11121	2
11122	3
11123	2
11124	4
11125	2
11126	2
11127	3
11128	4
11129	2
11130	2
11131	3
11132	2
11133	3
11134	2
11135	4
11136	2
11137	2
11138	2
11139	3
11140	2
11141	4
11142	2
